[Message:   BepInEx] BepInEx 5.4.23.2 - EscapeFromTarkov (2026-08-11 6:58:34 PM)
[Info   :   BepInEx] Running under Unity v0.16.9.4008
[Info   :   BepInEx] CLR runtime version: 4.0.30319.42000
[Info   :   BepInEx] Supports SRE: True
[Info   :   BepInEx] System platform: Bits64, Windows
[Message:   BepInEx] Preloader started
[Info   :   BepInEx] Loaded 1 patcher method from [BepInEx.Preloader 5.4.23.2]
[Info   :   BepInEx] Loaded 1 patcher method from [BlackDiv 1.0.0.0]
[Info   :   BepInEx] Loaded 1 patcher method from [FixPluginTypesSerialization 1.0.0.0]
[Info   :   BepInEx] Loaded 1 patcher method from [MoreBotsPrepatch 1.0.0.0]
[Info   :   BepInEx] Loaded 1 patcher method from [SkillsExtended_PrePatch 2.2.1.0]
[Info   :   BepInEx] Loaded 1 patcher method from [spt-prepatch 4.0.13.0]
[Info   :   BepInEx] Loaded 1 patcher method from [WTT-ContentBackportPatcher 1.1.2.0]
[Info   :   BepInEx] 7 patcher plugins loaded
[Warning:FixPluginTypesSerialization] Excluding 'FOVFix.dll' from Serialization Fix. It references RealismMod which doesn't exist.
[Info   :FixPluginTypesSerialization] Injected 71 plugins into Unity Native Serialization.
[Info   :FixPluginTypesSerialization] Running under Unity v2022.3.43.8735101
[Info   :FixPluginTypesSerialization] Found offsets for current version, using them.
[Info   :   BepInEx] Patching [UnityEngine.CoreModule] with [BepInEx.Chainloader]
[Info   :   BepInEx] Patching [Assembly-CSharp] with [BlackDiv.Prepatch.WildSpawnTypePatch]
[Info   :   BepInEx] Patching [Assembly-CSharp] with [MoreBotsAPI.Prepatch.WildSpawnTypePatch]
[Info   :   BepInEx] Patching [Assembly-CSharp] with [SkillsExtendedPatcher]
[Info   :Skills Extended PrePatch] Patching Complete!
[Info   :   BepInEx] Patching [Assembly-CSharp] with [SPT.PrePatch.SPTPrePatcher]
[Info   :   BepInEx] Patching [Assembly-CSharp] with [ContentBackportPatcher.EnvironmentUiTypePatch]
[Message:   BepInEx] Preloader finished
[Message:   BepInEx] Chainloader ready
[Message:   BepInEx] Chainloader started
[Info   :   BepInEx] 61 plugins to load
[Info   :   BepInEx] Loading [SPT.Custom 4.0.13]
[Info   :SPT.Custom] Loading: SPT.Custom
[Info   :ModulePatch] Enabled patch EasyAssetsPatch
[Info   :ModulePatch] Enabled patch EasyBundlePatch
[Info   :ModulePatch] Enabled patch GameStartRequestPatch
[Info   :ModulePatch] Enabled patch DisableNonHalloweenExitsDuringEventPatch
[Info   :ModulePatch] Enabled patch SendFleaListingTaxAmountToServerPatch
[Info   :ModulePatch] Enabled patch AddTraitorScavsPatch
[Info   :RequestHandler] [REQUEST]: /singleplayer/bosstypes
[Info   :RequestHandler] [REQUEST SUCCESSFUL] /singleplayer/bosstypes
[Info   :ModulePatch] Enabled patch CustomAiPatch
[Info   :ModulePatch] Enabled patch SaveSettingsToSptFolderPatch
[Info   :ModulePatch] Enabled patch PatchPlayerPrefsSetInt
[Info   :ModulePatch] Enabled patch PatchPlayerPrefsSetFloat
[Info   :ModulePatch] Enabled patch PatchPlayerPrefsSetString
[Info   :ModulePatch] Enabled patch PatchPlayerPrefsGetInt
[Info   :ModulePatch] Enabled patch PatchPlayerPrefsGetFloat
[Info   :ModulePatch] Enabled patch PatchPlayerPrefsGetString
[Info   :ModulePatch] Enabled patch PatchPlayerPrefsHasKey
[Info   :ModulePatch] Enabled patch PatchPlayerPrefsDeleteKey
[Info   :ModulePatch] Enabled patch PatchPlayerPrefsDeleteAll
[Info   :ModulePatch] Enabled patch PatchPlayerPrefsSave
[Info   :ModulePatch] Enabled patch QTEPatch
[Info   :ModulePatch] Enabled patch RedirectClientImageRequestsPatch
[Info   :ModulePatch] Enabled patch DisableGameModeAdjustButtonPatch
[Info   :ModulePatch] Enabled patch FixPmcSpawnParamsNullErrorPatch
[Info   :ModulePatch] Enabled patch SetPreRaidSettingsScreenDefaultsPatch
[Info   :ModulePatch] Enabled patch CoreDifficultyPatch
[Info   :ModulePatch] Enabled patch BotDifficultyPatch
[Info   :ModulePatch] Enabled patch VersionLabelPatch
[Info   :ModulePatch] Enabled patch FixScavWarNullErrorWithMarkOfUnknownPatch
[Info   :ModulePatch] Enabled patch MergeScavPmcQuestsOnInventoryLoadPatch
[Info   :ModulePatch] Enabled patch CopyPmcQuestsAndWishlistToPlayerScavPatch
[Info   :ModulePatch] Enabled patch FixBossesHavingNoFollowersOnMediumAiAmount
[Info   :ModulePatch] Enabled patch FixAirdropCrashPatch
[Info   :ModulePatch] Enabled patch FixAirdropFlareDisposePatch
[Info   :ModulePatch] Enabled patch AllowAirdropsInPvEPatch
[Info   :ModulePatch] Enabled patch MemoryCollectionPatch
[Info   :ModulePatch] Enabled patch LocaleManagerRaceConditionFixPatch
[Info   :ModulePatch] Enabled patch AddOfferFilterHangPatch
[Info   :ModulePatch] Enabled patch FixPrecipitationAmbientBlenderNullRefPatch
[Info   :ModulePatch] Enabled patch EnablePrestigeTabPatch
[Info   :ModulePatch] Enabled patch MatchStartServerLocationPatch
[Info   :ModulePatch] Enabled patch SpawnPointAIPlayerBotLimitPatch
[Info   :ModulePatch] Enabled patch SpawnPointNearestPlayerAIPatch
[Info   :ModulePatch] Enabled patch BotsControllerInitPatch
[Info   :ModulePatch] Enabled patch BotsEventsControllerActivatePatch
[Info   :ModulePatch] Enabled patch EnableInfectionUIPatch
[Info   :ModulePatch] Enabled patch KhorovodDisposeFix
[Info   :SPT.Custom] Completed: SPT.Custom
[Info   :   BepInEx] Loading [SPT.Singleplayer 4.0.13]
[Info   :SPT.Singleplayer] Loading: SPT.SinglePlayer
[Info   :ModulePatch] Enabled patch TinnitusFixPatch
[Info   :ModulePatch] Enabled patch EmptyInfilFixPatch
[Info   :ModulePatch] Enabled patch OverrideMaxAiAliveInRaidValuePatch
[Info   :ModulePatch] Enabled patch FixPostScavRaidXpShowingZeroPatch
[Info   :ModulePatch] Enabled patch DisablePMCExtractsForScavsPatch
[Info   :ModulePatch] Enabled patch ScavExfilPatch
[Info   :ModulePatch] Enabled patch ScavProfileLoadPatch
[Info   :ModulePatch] Enabled patch ScavPrefabLoadPatch
[Info   :ModulePatch] Enabled patch LoadOfflineRaidScreenPatch
[Info   :ModulePatch] Enabled patch PluginErrorNotifierPatch
[Info   :ModulePatch] Enabled patch RemoveUsedBotProfilePatch
[Info   :ModulePatch] Enabled patch ScavLateStartPatch
[Info   :ModulePatch] Enabled patch ScavSellAllPriceStorePatch
[Info   :ModulePatch] Enabled patch ScavSellAllRequestPatch
[Info   :ModulePatch] Enabled patch ScavRepAdjustmentPatch
[Info   :ModulePatch] Enabled patch DisableWelcomeToPVEModeMessagePatch
[Info   :ModulePatch] Enabled patch DisableMatchmakerPlayerPreviewButtonsPatch
[Info   :ModulePatch] Enabled patch EnablePlayerScavPatch
[Info   :ModulePatch] Enabled patch ScavFoundInRaidPatch
[Info   :ModulePatch] Enabled patch GetProfileAtEndOfRaidPatch
[Info   :ModulePatch] Enabled patch SendPlayerScavProfileToServerAfterRaidPatch
[Info   :ModulePatch] Enabled patch RemoveStashUpgradeLabelPatch
[Info   :ModulePatch] Enabled patch RemoveClothingItemExternalObtainLabelPatch
[Info   :ModulePatch] Enabled patch ForceRaidModeToLocalPatch
[Info   :ModulePatch] Enabled patch ScavIsPlayerEnemyPatch
[Info   :ModulePatch] Enabled patch FirearmControllerShowIncompatibleNotificationClass
[Info   :ModulePatch] Enabled patch FixKeyAlreadyExistsErrorOnAchievementPatch
[Info   :ModulePatch] Enabled patch ScavPrestigeFixPatch
[Info   :ModulePatch] Enabled patch DisableDevMaskCheckPatch
[Info   :ModulePatch] Enabled patch RemoveStopwatchAllocationsEveryCoverPointFramePatch
[Info   :ModulePatch] Enabled patch DisableUseBSGServersCheckbox
[Info   :ModulePatch] Enabled patch PmcBotSidePatch
[Info   :ModulePatch] Enabled patch QuestAchievementRewardInRaidPatch
[Info   :ModulePatch] Enabled patch FixUnityWarningSpamFromAirdropsPatch
[Info   :ModulePatch] Enabled patch DisableReadyLocationReadyPatch
[Info   :ModulePatch] Enabled patch DisableMatchmakerOfflineRaidReadyPatch
[Info   :ModulePatch] Enabled patch DisableMatchmakerInsuranceReadyPatch
[Warning:  HarmonyX] DisableDiscardLimitsPatch: You should only patch implemented methods/constructors to avoid issues. Patch the declared method virtual bool EFT.Player+PlayerInventoryController::get_HasDiscardLimits() instead of virtual bool EFT.Player+PlayerInventoryController::get_HasDiscardLimits().
[Info   :ModulePatch] Enabled patch DisableDiscardLimitsPatch
[Info   :ModulePatch] Enabled patch DisableBuffLoggingPatch
[Info   :ModulePatch] Enabled patch RemoveStashUpgradeLabelPatch2
[Info   :ModulePatch] Enabled patch LocaleFixPatch
[Info   :ModulePatch] Enabled patch RemoveTransitionRaidModeSetPatch
[Info   :ModulePatch] Enabled patch FixDisableBossSpawningOptionPatch
[Info   :ModulePatch] Enabled patch DisableHideoutCounterResetPatch
[Info   :SPT.Singleplayer] Completed: SPT.SinglePlayer
[Info   :   BepInEx] Loading [SPT.Core 4.0.13]
[Info   :  SPT.Core] Loading: SPT.Core
[Info   :ModulePatch] Enabled patch ConsistencySinglePatch
[Info   :ModulePatch] Enabled patch ConsistencyMultiPatch
[Info   :ModulePatch] Enabled patch GameValidationPatch
[Info   :ModulePatch] Enabled patch BattlEyePatch
[Info   :ModulePatch] Enabled patch SslCertificatePatch
[Info   :ModulePatch] Enabled patch UnityWebRequestPatch
[Info   :ModulePatch] Enabled patch WebSocketSslValidationPatch
[Info   :ModulePatch] Enabled patch Patch4001
[Info   :ModulePatch] Enabled patch Patch4002
[Info   :  SPT.Core] Completed: SPT.Core
[Info   :   BepInEx] Loading [SPT.Debugging 4.0.13]
[Info   :SPT.Debugging] Loading: SPT.Debugging
[Info   :ModulePatch] Enabled patch EndRaidDebug
[Info   :ModulePatch] Enabled patch LoggerClassLogPatch
[Info   :ModulePatch] Enabled patch ReloadClientPatch
[Info   :ModulePatch] Enabled patch EnableDebugCommandsPatch
[Info   :SPT.Debugging] Completed: SPT.Debugging
[Info   :   BepInEx] Loading [Fika.Core 2.3.9]
[Info   : Fika.Core] [LogValues]: Received NatPunchServer config from server:
[Info   : Fika.Core] [LogValues]: Enable: True
[Info   : Fika.Core] [LogValues]: Port: 2493
[Info   :ModulePatch] Enabled patch AchievementsScreen_Show_Patch
[Info   :ModulePatch] Enabled patch AchievementView_Show_Patch
[Info   :ModulePatch] Enabled patch ChangeGameModeButton_Patch
[Info   :ModulePatch] Enabled patch CoopSettingsWindow_Show_Patch
[Info   :ModulePatch] Enabled patch DisableInsuranceReadyButton_Patch
[Info   :ModulePatch] Enabled patch DisableMatchSettingsReadyButton_Patch
[Info   :ModulePatch] Enabled patch DisableReadyButton_Patch
[Info   :ModulePatch] Enabled patch DisconnectButton_Patch
[Info   :ModulePatch] Enabled patch FikaVersionLabel_Patch
[Info   :ModulePatch] Enabled patch MainMenuControllerClass_method_55_Patch
[Info   :ModulePatch] Enabled patch MatchmakerOfflineRaidScreen_Show_Patch
[Info   :ModulePatch] Enabled patch MatchmakerOfflineRaidScreen_Close_Patch
[Info   :ModulePatch] Enabled patch MatchmakerPlayerControllerClass_GetCoopBlockReason_Patch
[Info   :ModulePatch] Enabled patch MenuTaskBar_Patch
[Info   :ModulePatch] Enabled patch PartyInfoPanel_Show_Patch
[Info   :ModulePatch] Enabled patch RaidSettingsWindow_method_8_Patch
[Info   :ModulePatch] Enabled patch RaidSettingsWindow_Show_Patch
[Info   :ModulePatch] Enabled patch SessionResultExitStatus_Show_Patch
[Info   :ModulePatch] Enabled patch TarkovApplication_method_16_Patch
[Info   :ModulePatch] Enabled patch MatchmakerAcceptScreen_Awake_Patch
[Info   :ModulePatch] Enabled patch MatchmakerAcceptScreen_Show_Patch
[Info   :ModulePatch] Enabled patch GClass3871_ShowAction_Patch
[Info   :ModulePatch] Enabled patch HideoutPlayerOwner_SetPointOfView_Patch
[Info   :ModulePatch] Enabled patch MenuScreen_Awake_Patch
[Info   :ModulePatch] Enabled patch MenuScreen_method_9_Patch
[Info   :ModulePatch] Enabled patch RagfairScreen_Show_Patch
[Warning:  HarmonyX] com.fika.core: You should only patch implemented methods/constructors to avoid issues. Patch the declared method void EFT.BaseLocalGame<EFT.EftGamePlayerOwner>::method_20(LoadingProgressStruct p) instead of void EFT.BaseLocalGame<EFT.EftGamePlayerOwner>::method_20(LoadingProgressStruct p).
[Info   :ModulePatch] Enabled patch LoadingLootPatch
[Info   :ModulePatch] Enabled patch MapCachingPatch
[Info   :ModulePatch] Enabled patch MapLoadingPatch
[Info   :ModulePatch] Enabled patch BotCacher_Patch
[Info   :ModulePatch] Enabled patch GClass2287_method_0_Patch
[Info   :ModulePatch] Enabled patch GClass3585_ExceptAI_Patch
[Info   :ModulePatch] Enabled patch GrenadeClass_Init_Patch
[Info   :ModulePatch] Enabled patch LocaleClass_ReloadBackendLocale_Patch
[Info   :ModulePatch] Enabled patch TransitInteractionControllerAbstractClass_method_11_Patch
[Info   :ModulePatch] Enabled patch BasicMicrophoneCapture_UpdateSubscribers_Transpiler
[Info   :ModulePatch] Enabled patch DissonanceComms_Start_Patch
[Info   :ModulePatch] Enabled patch Player_IDissonancePlayerType_Patch
[Info   :ModulePatch] Enabled patch TripwireSynchronizableObject_method_11_Patch
[Info   :ModulePatch] Enabled patch TripwireSynchronizableObject_method_6_Patch
[Info   :ModulePatch] Enabled patch TransitControllerAbstractClass_Exist_Patch
[Info   :ModulePatch] Enabled patch CustomPlayerLoopSystemsInjector_InjectDataProviderSyncUpdate_Transpiler
[Info   :ModulePatch] Enabled patch CustomPlayerLoopSystemsInjector_InjectPostUNetUpdateSystem_Transpiler
[Info   :ModulePatch] Enabled patch CustomPlayerLoopSystemsInjector_MoveUNetUpdateSystemOnPreUpdate_Transpiler
[Info   :ModulePatch] Enabled patch RocketLauncherConeBlastClass_Initialize_Patch
[Info   :ModulePatch] Enabled patch RocketProjectile_Launch_Patch
[Info   :ModulePatch] Enabled patch RocketProjectile_method_6_Patch
[Info   :ModulePatch] Enabled patch BodyPartCollider_SetUpPlayer_Patch
[Info   :ModulePatch] Enabled patch Player_HasMarkOfUnknown_Patch
[Info   :ModulePatch] Enabled patch Player_Hide_Patch
[Info   :ModulePatch] Enabled patch Player_ManageAggressor_Patch
[Info   :ModulePatch] Enabled patch Player_OnDead_Patch
[Info   :ModulePatch] Enabled patch Player_SetDogtagInfo_Patch
[Info   :ModulePatch] Enabled patch Player_SpawnInHands_Patch
[Info   :ModulePatch] Enabled patch GetProfileAtEndOfRaidPatch_Override
[Info   :ModulePatch] Enabled patch FixSavageInventoryScreenPatch_Override
[Info   :ModulePatch] Enabled patch OfflineRaidSettingsMenuPatch_Override
[Info   :ModulePatch] Enabled patch PmcFoundInRaidEquipment_ConfigurePMCFindInRaidStatus_Patch
[Info   :ModulePatch] Enabled patch ScavProfileLoad_Override
[Info   :ModulePatch] Enabled patch MuzzleManager_Play_Patch
[Info   :ModulePatch] Enabled patch MovementContext_method_11_Transpiler
[Info   :ModulePatch] Enabled patch MovementContext_method_9_Transpiler
[Info   :ModulePatch] Enabled patch MovementContext_PreviousRotation_Transpiler
[Info   :ModulePatch] Enabled patch MovementContext_RestorePreviousYaw_Transpiler
[Info   :ModulePatch] Enabled patch MovementContext_Rotation_Transpiler
[Info   :ModulePatch] Enabled patch MineDirectional_OnTriggerEnter_Patch
[Info   :ModulePatch] Enabled patch Minefield_method_2_Patch
[Info   :ModulePatch] Enabled patch BaseLocalGame_method_14_Patch
[Info   :ModulePatch] Enabled patch NonWaveSpawnScenario_Patch
[Info   :ModulePatch] Enabled patch TarkovApplication_LocalGameCreator_Patch
[Info   :ModulePatch] Enabled patch TarkovApplication_LocalGamePreparer_Patch
[Info   :ModulePatch] Enabled patch WaveSpawnScenario_Patch
[Info   :ModulePatch] Enabled patch BufferInnerZone_ChangePlayerAccessStatus_Patch
[Info   :ModulePatch] Enabled patch BufferInnerZone_ChangeZoneInteractionAvailability_Patch
[Info   :ModulePatch] Enabled patch BufferZoneControllerClass_method_1_Patch
[Info   :ModulePatch] Enabled patch BufferZoneControllerClass_SetPlayerInZoneStatus_Patch
[Info   :ModulePatch] Enabled patch GameWorld_Create_Patch
[Info   :ModulePatch] Enabled patch GameWorld_method_2_Patch
[Info   :ModulePatch] Enabled patch GameWorld_ThrowItem_Patch
[Info   :ModulePatch] Enabled patch AnticheatMipMapChecker_Start_Patch
[Info   :ModulePatch] Enabled patch OpticRetrice_UpdateTransform_Patch
[Info   :ModulePatch] Enabled patch PlayerCameraController_LateUpdate_Transpiler
[Info   :ModulePatch] Enabled patch WeaponManagerClass_method_12_Patch
[Info   :ModulePatch] Enabled patch WeaponManagerClass_ValidateScopeSmoothZoomUpdate_Patch
[Info   :ModulePatch] Enabled patch BTRControllerClass_Init_Patch
[Info   :ModulePatch] Enabled patch BTRTurretView_AttachBot_Postfix
[Info   :ModulePatch] Enabled patch BTRVehicle_method_38_Patch
[Info   :ModulePatch] Enabled patch BTRView_GoIn_Patch
[Info   :ModulePatch] Enabled patch BTRView_GoOut_Patch
[Info   :ModulePatch] Enabled patch BTRView_Start_Patch
[Info   :ModulePatch] Enabled patch Player_UpdateBtrTraderServiceData_Patch
[Info   :ModulePatch] Enabled patch ArtilleryServerProjectileClass_Constructor_Patch
[Info   :ModulePatch] Enabled patch ServerShellingControllerClass_method_0_Patch
[Info   :ModulePatch] Enabled patch ServerShellingControllerClass_method_28_Patch
[Warning:  HarmonyX] com.fika.core: You should only patch implemented methods/constructors to avoid issues. Patch the declared method virtual void EFT.Player::OnItemAddedOrRemoved(EFT.InventoryLogic.Item item, EFT.InventoryLogic.ItemAddress location, bool added) instead of virtual void EFT.Player::OnItemAddedOrRemoved(EFT.InventoryLogic.Item item, EFT.InventoryLogic.ItemAddress location, bool added).
[Info   :ModulePatch] Enabled patch FikaPlayer_OnItemAddedOrRemoved_Transpiler
[Info   :ModulePatch] Enabled patch Player_CheckArmorHitByDirection_Transpiler
[Info   :ModulePatch] Enabled patch Player_IsShotDeflectedByHeavyArmor_Transpiler
[Info   :ModulePatch] Enabled patch Player_method_95_Transpiler
[Info   :ModulePatch] Enabled patch Player_ProceedDamageThroughArmor_Patch
[Info   :ModulePatch] Enabled patch Player_RecalculateEquipmentParams_Transpiler
[Info   :ModulePatch] Enabled patch Player_TryGetArmorResistData_Transpiler
[Info   :ModulePatch] Enabled patch OfflineAirdropServerLogicClass_UpdateOfflineClientLogic_Patch
[Info   :ModulePatch] Enabled patch OfflineAirplaneServerLogicClass_UpdateOfflineClientLogic_Patch
[Info   :ModulePatch] Enabled patch SyncObjectProcessorClass_GetSyncObjectStrategyByType_Patch
[Info   :ModulePatch] Enabled patch AIPlaceLogicPartisan_Dispose_Patch
[Info   :ModulePatch] Enabled patch BotReload_method_1_Patch
[Info   :ModulePatch] Enabled patch AbstractGame_InRaid_Patch
[Info   :ModulePatch] Enabled patch DeathFade_Patch
[Info   :ModulePatch] Enabled patch PlayEndGameSound_Patch
[Info   :ModulePatch] Enabled patch PlayUISound_Patch
[Info   :ModulePatch] Enabled patch LighthouseTraderZone_AddPlayer_Patch
[Info   :ModulePatch] Enabled patch LighthouseTraderZone_RemovePlayer_Patch
[Info   :ModulePatch] Enabled patch LighthouseTraderZone_Awake_Patch
[Info   :ModulePatch] Enabled patch ZyriachyBossLogicClass_Activate_Patch
[Info   :ModulePatch] Enabled patch BTRSide_AddPassenger_Patch
[Info   :ModulePatch] Enabled patch BTRSide_RemovePassenger_Patch
[Info   :ModulePatch] Enabled patch BTRSide_method_9_Patch
[Info   :Fika.Core PatchManager] Enabled 117 patches
[Info   :ModulePatch] Disabled patch VersionLabelPatch
[Info   :ModulePatch] Disabled patch ScavRepAdjustmentPatch
[Info   :ModulePatch] Disabled patch GetProfileAtEndOfRaidPatch
[Info   :ModulePatch] Disabled patch ScavExfilPatch
[Info   :ModulePatch] Disabled patch SendPlayerScavProfileToServerAfterRaidPatch
[Info   :ModulePatch] Disabled patch MatchStartServerLocationPatch
[Info   :ModulePatch] Disabled patch QuestAchievementRewardInRaidPatch
[Info   : Fika.Core] [LogValues]: Received config from server:
[Info   : Fika.Core] [LogValues]: [Config] UseBTR: True
[Info   : Fika.Core] [LogValues]: [Config] FriendlyFire: True
[Info   : Fika.Core] [LogValues]: [Config] DynamicVExfils: False
[Info   : Fika.Core] [LogValues]: [Config] AllowFreeCam: False
[Info   : Fika.Core] [LogValues]: [Config] AllowSpectateFreeCam: False
[Info   : Fika.Core] [LogValues]: [Config] AllowItemSending: True
[Info   : Fika.Core] [LogValues]: [Config] BlacklistedItems: 
[Info   : Fika.Core] [LogValues]: [Config] ForceSaveOnDeath: False
[Info   : Fika.Core] [LogValues]: [Config] UseInertia: True
[Info   : Fika.Core] [LogValues]: [Config] SharedQuestProgression: True
[Info   : Fika.Core] [LogValues]: [Config] CanEditRaidSettings: True
[Info   : Fika.Core] [LogValues]: [Config] EnableTransits: True
[Info   : Fika.Core] [LogValues]: [Config] AnyoneCanStartRaid: False
[Info   : Fika.Core] [LogValues]: [Config] AllowNamePlates: True
[Info   : Fika.Core] [LogValues]: [Config] RandomLabyrinthSpawns: False
[Info   : Fika.Core] [LogValues]: [Config] PMCFoundInRaid: True
[Info   : Fika.Core] [LogValues]: [Config] AllowSpectateBots: False
[Info   : Fika.Core] [LogValues]: [Config] InstantLoad: False
[Info   : Fika.Core] [LogValues]: [Config] FastLoad: False
[Info   : Fika.Core] [LogValues]: [ReviveConfig] Enabled: False
[Info   : Fika.Core] [LogValues]: [ReviveConfig] HeadshotKills: False
[Info   : Fika.Core] [LogValues]: [ReviveConfig] GrenadesKills: False
[Info   : Fika.Core] [LogValues]: [ReviveConfig] AllowLooting: False
[Info   : Fika.Core] [LogValues]: [ReviveConfig] MaxRevives: 0
[Info   : Fika.Core] [LogValues]: [ReviveConfig] BleedoutTime: 60
[Info   : Fika.Core] [LogValues]: [ReviveConfig] ReviveTime: 5
[Info   : Fika.Core] Fika is loaded! Running version: 2.3.9.0
[Info   :RequestHandler] [REQUEST]: /singleplayer/settings/bot/difficulty/core/core
[Info   :RequestHandler] [REQUEST SUCCESSFUL] /singleplayer/settings/bot/difficulty/core/core
[Info   :ModulePatch] Enabled patch ItemContext_Patch
[Info   :   BepInEx] Loading [7Bpencil.WeaponCamoAndStickers 1.17.0]
[Error  :7Bpencil.WeaponCamoAndStickers] [Texture] Failed to load texture: stickers/spirits-embroidery/desktop.ini
[Warning:  HarmonyX] Patch_WeaponModdingScreen_method_6: You should only patch implemented methods/constructors to avoid issues. Patch the declared method void EFT.UI.ItemObserveScreen<EFT.UI.WeaponModding.WeaponModdingScreen+GClass3922, EFT.UI.WeaponModding.WeaponModdingScreen>::method_6(EFT.InventoryLogic.CompoundItem weapon) instead of void EFT.UI.ItemObserveScreen<EFT.UI.WeaponModding.WeaponModdingScreen+GClass3922, EFT.UI.WeaponModding.WeaponModdingScreen>::method_6(EFT.InventoryLogic.CompoundItem weapon).
[Info   :ModulePatch] Enabled patch Patch_WeaponModdingScreen_method_6
[Info   :ModulePatch] Enabled patch Patch_WeaponPreview_Class3271_method_1
[Info   :ModulePatch] Enabled patch Patch_WeaponPreview_Rotate
[Info   :ModulePatch] Enabled patch Patch_ScrollTrigger_OnScroll
[Info   :ModulePatch] Enabled patch Patch_WeaponPreview_Hide
[Info   :ModulePatch] Enabled patch Patch_ItemUiContext_GetItemContextInteractions
[Info   :ModulePatch] Enabled patch Patch_InteractionButtonsContainer_method_3
[Warning:  HarmonyX] Patch_WeaponModdingScreen_Close: You should only patch implemented methods/constructors to avoid issues. Patch the declared method virtual void EFT.UI.ItemObserveScreen<EFT.UI.WeaponModding.WeaponModdingScreen+GClass3922, EFT.UI.WeaponModding.WeaponModdingScreen>::Close() instead of virtual void EFT.UI.ItemObserveScreen<EFT.UI.WeaponModding.WeaponModdingScreen+GClass3922, EFT.UI.WeaponModding.WeaponModdingScreen>::Close().
[Info   :ModulePatch] Enabled patch Patch_WeaponModdingScreen_Close
[Info   :ModulePatch] Enabled patch Patch_PoolManagerClass_CreateItemAsync
[Info   :ModulePatch] Enabled patch Patch_PoolManagerClass_method_2
[Info   :ModulePatch] Enabled patch Patch_WeaponPrefab_InitHotObjects
[Info   :ModulePatch] Enabled patch Patch_PlayerBody_EquipmentSlotClass_method_4
[Info   :ModulePatch] Enabled patch Patch_AssetPoolObject_ReturnToPool
[Info   :ModulePatch] Enabled patch Patch_AssetPoolObject_OnDestroy
[Info   :ModulePatch] Enabled patch Patch_PlayerBody_SetSkin_CreateItem
[Info   :ModulePatch] Enabled patch Patch_LoddedSkin_Unskin
[Info   :ModulePatch] Enabled patch Patch_GClass3380_smethod_2
[Info   :ModulePatch] Enabled patch Patch_GClass2304_smethod_0
[Info   :ModulePatch] Enabled patch Patch_PlayerModelView_method_0
[Info   :ModulePatch] Enabled patch Patch_PlayerModelView_method_1
[Info   :ModulePatch] Enabled patch Patch_PlayerBody_SetSkin
[Info   :ModulePatch] Enabled patch Patch_BotCreatorClass_method_2
[Info   :ModulePatch] Enabled patch Patch_GClass926_GetItemIcon
[Info   :ModulePatch] Enabled patch Patch_GClass928_GetItemHash
[Info   :   BepInEx] Loading [7Bpencil.EquipmentStickers 1.17.0]
[Info   :ModulePatch] Enabled patch Patch_OverallScreen_Show
[Info   :ModulePatch] Enabled patch Patch_PlayerModelView_method_0
[Info   :ModulePatch] Enabled patch Patch_InventoryPlayerModelWithStatsWindow_method_4
[Info   :ModulePatch] Enabled patch Patch_ScrollTrigger_OnScroll
[Info   :ModulePatch] Enabled patch Patch_OverallScreen_Close
[Info   :   BepInEx] Loading [7Bpencil.MaterialEditor 1.17.0]
[Info   :ModulePatch] Enabled patch Patch_PoolManagerClass_CreateItemAsync
[Info   :ModulePatch] Enabled patch Patch_PoolManagerClass_method_2
[Info   :ModulePatch] Enabled patch Patch_AssetPoolObject_ReturnToPool
[Info   :ModulePatch] Enabled patch Patch_AssetPoolObject_OnDestroy
[Info   :ModulePatch] Enabled patch Patch_ItemUiContext_GetItemContextInteractions
[Warning:  HarmonyX] Patch_WeaponModdingScreen_method_6: You should only patch implemented methods/constructors to avoid issues. Patch the declared method void EFT.UI.ItemObserveScreen<EFT.UI.WeaponModding.WeaponModdingScreen+GClass3922, EFT.UI.WeaponModding.WeaponModdingScreen>::method_6(EFT.InventoryLogic.CompoundItem weapon) instead of void EFT.UI.ItemObserveScreen<EFT.UI.WeaponModding.WeaponModdingScreen+GClass3922, EFT.UI.WeaponModding.WeaponModdingScreen>::method_6(EFT.InventoryLogic.CompoundItem weapon).
[Info   :ModulePatch] Enabled patch Patch_WeaponModdingScreen_method_6
[Info   :ModulePatch] Enabled patch Patch_GClass2304_smethod_0
[Info   :ModulePatch] Enabled patch Patch_WeaponPreview_Class3271_method_1
[Info   :ModulePatch] Enabled patch Patch_WeaponPreview_Rotate
[Info   :ModulePatch] Enabled patch Patch_ScrollTrigger_OnScroll
[Warning:  HarmonyX] Patch_WeaponModdingScreen_Close: You should only patch implemented methods/constructors to avoid issues. Patch the declared method virtual void EFT.UI.ItemObserveScreen<EFT.UI.WeaponModding.WeaponModdingScreen+GClass3922, EFT.UI.WeaponModding.WeaponModdingScreen>::Close() instead of virtual void EFT.UI.ItemObserveScreen<EFT.UI.WeaponModding.WeaponModdingScreen+GClass3922, EFT.UI.WeaponModding.WeaponModdingScreen>::Close().
[Info   :ModulePatch] Enabled patch Patch_WeaponModdingScreen_Close
[Info   :ModulePatch] Enabled patch Patch_GClass3380_smethod_2
[Info   :ModulePatch] Enabled patch Patch_GClass928_GetItemHash
[Info   :ModulePatch] Enabled patch Patch_GClass928_smethod_1
[Info   :ModulePatch] Enabled patch Patch_HotObject_SetTemperatureToRenderer
[Info   :ModulePatch] Enabled patch Patch_RainCondensator_OnEnable
[Info   :ModulePatch] Enabled patch Patch_RainCondensator_UpdateValues
[Info   :ModulePatch] Enabled patch Patch_RainCondensator_OnDisable
[Info   :ModulePatch] Enabled patch Patch_PlayerBody_SetSkin
[Info   :ModulePatch] Enabled patch Patch_LoddedSkin_Unskin
[Info   :ModulePatch] Enabled patch Patch_OverallScreen_Show
[Info   :ModulePatch] Enabled patch Patch_PlayerModelView_method_0
[Info   :ModulePatch] Enabled patch Patch_OverallScreen_Close
[Info   :   BepInEx] Loading [Female PMC Voice 1.0.2]
[Info   :Female PMC Voice] Female PMC voice fixes loaded.
[Info   :   BepInEx] Loading [Parmesan - Partizan Rework 1.0.0]
[Info   :ModulePatch] Enabled patch PartizanTargetPatch
[Info   :ModulePatch] Enabled patch PartizanTriggerPatch
[Info   :ModulePatch] Enabled patch PartizanSettingsPatch
[Info   :Parmesan - Partizan Rework] Parmesan - Partizan Rework 1.0.0 loaded. Mode=IncludeAiPmcs, roam=True, traps=True
[Info   :   BepInEx] Loading [acidphantasm-botplacementsystem 2.0.19]
[Info   :ModulePatch] Enabled patch BossSpawnScenarioStopPatch
[Info   :ModulePatch] Enabled patch BotOwnerCreationPatch
[Info   :ModulePatch] Enabled patch PlayerOnDeadPatch
[Info   :ModulePatch] Enabled patch MenuLoadPatch
[Info   :ModulePatch] Enabled patch SetMaxBotCountPatch
[Info   :ModulePatch] Enabled patch BossSpawnScenarioSpawnProgressPatch
[Info   :ModulePatch] Enabled patch BossProgressiveRegressivePatch
[Info   :ModulePatch] Enabled patch PmcSpawnHookPatch
[Info   :ModulePatch] Enabled patch AssaultGroupPatch
[Info   :ModulePatch] Enabled patch NonWavesSpawnSystemPatch
[Info   :ModulePatch] Enabled patch TryToSpawnInZonePatch
[Info   :ModulePatch] Enabled patch IsPlayerEnemyPatch
[Info   :ModulePatch] Enabled patch BotsControllerInitPatch
[Info   :   BepInEx] Loading [acidphantasm-StatTrack 2.0.0]
[Info   :acidphantasm-StatTrack] [StatTrack] loading...
[Info   :ModulePatch] Enabled patch WeaponPatch
[Info   :ModulePatch] Enabled patch WeaponOnShotPatch
[Info   :ModulePatch] Enabled patch PlayerPatch
[Info   :ModulePatch] Enabled patch GameWorldPatch
[Info   :ModulePatch] Enabled patch MenuLoadPatch
[Info   :ModulePatch] Enabled patch InsurancePatch
[Info   :acidphantasm-StatTrack] [StatTrack] loaded!
[Info   :   BepInEx] Loading [Amands's Graphics 1.7.0]
[Warning:  HarmonyX] com.Amanda.Graphics: You should only patch implemented methods/constructors to avoid issues. Patch the declared method void EFT.UI.BattleUIScreen<EFT.UI.EftBattleUIScreen+GClass3865, EFT.UI.Screens.EEftScreenType>::Show(EFT.GamePlayerOwner owner) instead of void EFT.UI.BattleUIScreen<EFT.UI.EftBattleUIScreen+GClass3865, EFT.UI.Screens.EEftScreenType>::Show(EFT.GamePlayerOwner owner).
[Info   :ModulePatch] Enabled patch AmandsBattleUIScreenPatch
[Info   :ModulePatch] Enabled patch AmandsGraphicsApplyNVGPatch
[Info   :ModulePatch] Enabled patch AmandsGraphicsCameraClassPatch
[Info   :ModulePatch] Enabled patch AmandsGraphicsFastBlurHitPatch
[Info   :ModulePatch] Enabled patch AmandsGraphicsFastBlurPatch
[Info   :ModulePatch] Enabled patch AmandsGraphicsHBAOPatch
[Info   :ModulePatch] Enabled patch AmandsGraphicsmethod_25Patch
[Info   :ModulePatch] Enabled patch AmandsGraphicsMethod_7Patch
[Info   :ModulePatch] Enabled patch AmandsGraphicsNVGPatch
[Info   :ModulePatch] Enabled patch AmandsGraphicsOpticPatch
[Info   :ModulePatch] Enabled patch AmandsGraphicsOpticSightPatch
[Info   :ModulePatch] Enabled patch AmandsGraphicsPrismEffectsPatch
[Info   :ModulePatch] Enabled patch AmandsGraphicsTacticalComboVisualControllerPatch
[Info   :ModulePatch] Enabled patch AmandsPlayerPatch
[Info   :ModulePatch] Enabled patch AmandsPainkillerAddEffectPatch
[Info   :ModulePatch] Enabled patch AmandsPainkillerDeleteEffectPatch
[Info   :ModulePatch] Enabled patch AmandsPainTogglePatch
[Info   :Amands's Graphics PatchManager] Enabled 17 patches
[Info   :   BepInEx] Loading [Configuration Manager 18.4]
[Info   :   BepInEx] Loading [DrakiaXYZ-BigBrain 1.4.0]
[Info   :DrakiaXYZ-BigBrain] Loading: DrakiaXYZ-BigBrain
[Info   :ModulePatch] Enabled patch BotBaseBrainActivatePatch
[Info   :ModulePatch] Enabled patch BotBrainCreateLogicNodePatch
[Info   :ModulePatch] Enabled patch BotBaseBrainUpdatePatch
[Info   :ModulePatch] Enabled patch BotAgentUpdatePatch
[Info   :ModulePatch] Enabled patch BotBaseBrainActivateLayerPatch
[Info   :ModulePatch] Enabled patch BotStandartBotBrainActivatePatch
[Info   :DrakiaXYZ-BigBrain] Completed: DrakiaXYZ-BigBrain
[Info   :   BepInEx] Loading [SAIN 4.4.3]
[Info   :RequestHandler] [REQUEST]: /sain/namepersonalities
[Info   :RequestHandler] [REQUEST SUCCESSFUL] /sain/namepersonalities
[Info   :ModulePatch] Enabled patch UpdateLightEnablePatch
[Info   :ModulePatch] Enabled patch UpdateLightEnablePatch2
[Info   :ModulePatch] Enabled patch ToggleNightVisionPatch
[Info   :ModulePatch] Enabled patch DisableLookUpdatePatch
[Info   :ModulePatch] Enabled patch GlobalLookSettingsPatch
[Info   :ModulePatch] Enabled patch NoAIESPPatch
[Info   :ModulePatch] Enabled patch BotLightTurnOnPatch
[Info   :ModulePatch] Enabled patch VisionSpeedPatch
[Info   :ModulePatch] Enabled patch WeatherVisionPatch
[Info   :ModulePatch] Enabled patch IsPointInVisibleSectorCallerPatch
[Info   :ModulePatch] Enabled patch IsPointInVisibleSectorPatch
[Info   :ModulePatch] Enabled patch VisionDistancePatch
[Info   :ModulePatch] Enabled patch CheckFlashlightPatch
[Info   :ModulePatch] Enabled patch VersionLabelPatch
[Info   :ModulePatch] Enabled patch PlayerHurtPatch
[Info   :ModulePatch] Enabled patch PlayerTalkPatch
[Info   :ModulePatch] Enabled patch BotTalkPatch
[Info   :ModulePatch] Enabled patch BotTalkManualUpdatePatch
[Info   :ModulePatch] Enabled patch BotShootPatch
[Info   :ModulePatch] Enabled patch SetGrenadePatch
[Info   :ModulePatch] Enabled patch ResetGrenadePatch
[Info   :ModulePatch] Enabled patch DisableGrenadesPatch
[Info   :ModulePatch] Enabled patch BotAimSteerPatch
[Info   :ModulePatch] Enabled patch HardAimDisablePatch1
[Info   :ModulePatch] Enabled patch HardAimDisablePatch2
[Info   :ModulePatch] Enabled patch PlayerHitReactionDisablePatch
[Info   :ModulePatch] Enabled patch HitAffectApplyPatch
[Info   :ModulePatch] Enabled patch DoHitAffectPatch
[Info   :ModulePatch] Enabled patch AimOffsetPatch
[Info   :ModulePatch] Enabled patch AimTimePatch
[Info   :ModulePatch] Enabled patch SmoothTurnPatch
[Info   :ModulePatch] Enabled patch BotSteeringPitchLimitPatch
[Info   :ModulePatch] Enabled patch SprintLookDirPatch
[Info   :ModulePatch] Enabled patch PlayerSetPosePatch
[Info   :ModulePatch] Enabled patch MovementContextIsAIPatch
[Info   :ModulePatch] Enabled patch CanBeSnappedPatch
[Info   :ModulePatch] Enabled patch GlobalShootSettingsPatch
[Info   :ModulePatch] Enabled patch StopShootCauseAnimatorPatch
[Info   :ModulePatch] Enabled patch PoseStaminaPatch
[Info   :ModulePatch] Enabled patch BotMoverManualUpdatePatch
[Info   :ModulePatch] Enabled patch BotMoverManualFixedUpdatePatch
[Info   :ModulePatch] Enabled patch AimStaminaPatch
[Info   :ModulePatch] Enabled patch CrawlPatch
[Info   :ModulePatch] Enabled patch EncumberedPatch
[Info   :ModulePatch] Enabled patch GrenadeCollisionPatch
[Info   :ModulePatch] Enabled patch GrenadeCollisionPatch2
[Info   :ModulePatch] Enabled patch TryPlayShootSoundPatch
[Info   :ModulePatch] Enabled patch OnWeaponModifiedPatch
[Info   :ModulePatch] Enabled patch SoundClipNameCheckerPatch2
[Info   :ModulePatch] Enabled patch TogglableSetPatch
[Info   :ModulePatch] Enabled patch SpawnInHandsSoundPatch
[Info   :ModulePatch] Enabled patch ActivateBotComponentPatch
[Info   :ModulePatch] Enabled patch AddBotComponentPatch
[Info   :ModulePatch] Enabled patch AddGameWorldPatch
[Info   :ModulePatch] Enabled patch GetBotControllerPatch
[Info   :ModulePatch] Enabled patch WorldTickPatch
[Info   :ModulePatch] Enabled patch BotOwnerActivatePatch
[Info   :ModulePatch] Enabled patch StopRequestExecutePatch
[Info   :ModulePatch] Enabled patch SetEnvironmentPatch
[Info   :ModulePatch] Enabled patch AddPointToSearchPatch
[Info   :ModulePatch] Enabled patch SetPanicPointPatch
[Info   :ModulePatch] Enabled patch HaveSeenEnemyPatch
[Info   :ModulePatch] Enabled patch TurnDamnLightOffPatch
[Info   :ModulePatch] Enabled patch ShallKnowEnemyPatch
[Info   :ModulePatch] Enabled patch ShallKnowEnemyLatePatch
[Info   :ModulePatch] Enabled patch GrenadeThrownActionPatch
[Info   :ModulePatch] Enabled patch GrenadeExplosionActionPatch
[Info   :ModulePatch] Enabled patch BlockVoiceRequestsPatch
[Info   :ModulePatch] Enabled patch BlockGrenadeThrowRequestsPatch
[Info   :ModulePatch] Enabled patch BlockRequestPatch
[Info   :ModulePatch] Enabled patch SetInHands_Empty
[Info   :ModulePatch] Enabled patch Proceed_Weapon_Patch
[Info   :ModulePatch] Enabled patch SetInHands_Weapon_Stationary_Patch
[Info   :ModulePatch] Enabled patch SetInHands_Knife_Patch
[Info   :ModulePatch] Enabled patch SetInHands_Grenade_Patch
[Info   :ModulePatch] Enabled patch SetInHands_Food_Patch
[Info   :ModulePatch] Enabled patch SetInHands_Meds_Patch1
[Info   :ModulePatch] Enabled patch SetInHands_Meds_Patch2
[Info   :ModulePatch] Enabled patch SetInHands_QuickUse_Patch1
[Info   :ModulePatch] Enabled patch SetInHands_QuickUse_Patch2
[Info   :ModulePatch] Enabled patch RunToEnemyUpdatePatch
[Info   :ModulePatch] Enabled patch EnableVaultPatch
[Info   :ModulePatch] Enabled patch FightShallReloadFixPatch
[Info   :ModulePatch] Enabled patch FixItemTakerPatch
[Info   :ModulePatch] Enabled patch FixItemTakerPatch2
[Info   :ModulePatch] Enabled patch RotateClampPatch
[Info   :ModulePatch] Enabled patch BotGroupAddEnemyPatch
[Info   :ModulePatch] Enabled patch BotMemoryAddEnemyPatch
[Info   :ModulePatch] Enabled patch StopSetToNavMeshPatch
[Info   :ModulePatch] Enabled patch StopSetToNavMeshPatch2
[Info   :ModulePatch] Enabled patch RemoveSkillIssueController
[Info   :ModulePatch] Enabled patch EnableUsecPmcKhorovodPatch
[Info   :ModulePatch] Enabled patch EnableBearPmcKhorovodPatch
[Info   :ModulePatch] Enabled patch TreeSoundPatch
[Info   :ModulePatch] Enabled patch DoorSoundPatch
[Info   :ModulePatch] Enabled patch DoorBreachSoundPatch
[Info   :ModulePatch] Enabled patch DryShotPatch
[Info   :ModulePatch] Enabled patch PlaySwitchHeadlightSoundPatch
[Info   :ModulePatch] Enabled patch LootingSoundPatch
[Info   :ModulePatch] Enabled patch AimSoundPatch
[Info   :ModulePatch] Enabled patch BulletImpactPatch
[Info   :ModulePatch] Enabled patch HearingSensorPatch
[Info   :ModulePatch] Enabled patch OnMakingShotPatch
[Info   :ModulePatch] Enabled patch RegisterShotPatch
[Info   :ModulePatch] Enabled patch SoundClipNameCheckerPatch
[Info   :ModulePatch] Enabled patch BodyPartToShootPatch
[Info   :SAIN PatchManager] Enabled 106 patches
[Info   :   BepInEx] Loading [MoreBotsAPI 2.0.1]
[Info   :MoreBotsAPI] Successfully added blackDivLead : 848420 to the excluded difficulties list
[Info   :MoreBotsAPI] Successfully added blackDivAssault : 848421 to the excluded difficulties list
[Info   :MoreBotsAPI] Successfully added blackDivBreacher : 848422 to the excluded difficulties list
[Info   :MoreBotsAPI] Successfully added blackDivSupport : 848423 to the excluded difficulties list
[Info   :MoreBotsAPI] Successfully added bossWedge : 848424 to the excluded difficulties list
[Info   :MoreBotsAPI] Successfully added blackDivIb : 848426 to the excluded difficulties list
[Info   :ModulePatch] Enabled patch TarkovInitPatch
[Info   :ModulePatch] Enabled patch FixRaidEndSpawnTypePatch
[Info   :ModulePatch] Enabled patch StandartBotBrainActivatePatch
[Info   :ModulePatch] Enabled patch SuitableFollowersListPatch
[Info   :ModulePatch] Enabled patch FenceLoyaltyWarnPatch
[Info   :ModulePatch] Enabled patch NewGamePatch
[Info   :ModulePatch] Enabled patch BotsControllerInitPatch
[Info   :ModulePatch] Enabled patch FactionRaidEndPatch
[Info   :ModulePatch] Enabled patch BotsGroupIsPlayerEnemyPatch
[Info   :MoreBotsAPI] Old WildSpawnTypeFromInt converter index: 28 GClass1866`1[EFT.WildSpawnType]
[Info   :   BepInEx] Loading [BlackDiv 1.2.1]
[Info   :ModulePatch] Enabled patch TarkovInitPatch
[Info   :ModulePatch] Enabled patch BDNvgPatch
[Info   :   BepInEx] Loading [DrakiaXYZ-Waypoints 1.8.2]
[Info   :ModulePatch] Enabled patch DebugPatch
[Info   :ModulePatch] Enabled patch WaypointPatch
[Info   :ModulePatch] Enabled patch DoorLinkPatch
[Info   :ModulePatch] Enabled patch DoorLinkStateChangePatch
[Info   :ModulePatch] Enabled patch SwitchDoorBlockerPatch
[Info   :ModulePatch] Enabled patch ExfilDoorBlockerPatch
[Info   :ModulePatch] Enabled patch FindPathPatch
[Info   :   BepInEx] Loading [ORBIT 1.2.1]
[Info   :ModulePatch] Enabled patch VersionLabelPatch
[Info   :   BepInEx] Loading [Skills Extended 2.2.2]
[Info   :ModulePatch] Enabled patch UpdateWeaponsPatch
[Info   :ModulePatch] Enabled patch BuffIconShowPatch
[Info   :ModulePatch] Enabled patch SkillIconShowPatch
[Info   :ModulePatch] Enabled patch SkillPanelDisablePatch
[Info   :ModulePatch] Enabled patch MovementContextSetSpeedLimitPatch
[Info   :ModulePatch] Enabled patch DoorSoundPatch
[Info   :ModulePatch] Enabled patch GetBarterPricePatch
[Info   :ModulePatch] Enabled patch RequiredItemsCountPatch
[Info   :ModulePatch] Enabled patch MeleeSpeedPatch
[Info   :ModulePatch] Enabled patch OnEnemyKillPatch
[Info   :ModulePatch] Enabled patch OnGameStartedPatch
[Info   :ModulePatch] Enabled patch ProneMoveStatePatch
[Info   :ModulePatch] Enabled patch ProneMoveVolumePatch
[Info   :ModulePatch] Enabled patch DoorActionPatch
[Info   :ModulePatch] Enabled patch CanWalkPatch
[Info   :ModulePatch] Enabled patch HealthEffectComponentPatch
[Info   :ModulePatch] Enabled patch HealthEffectUseTimePatch
[Info   :ModulePatch] Enabled patch SpawnPatch
[Info   :ModulePatch] Enabled patch AbstractSkillClassSummaryLevelPatch
[Info   :ModulePatch] Enabled patch PersonalBuffPatch
[Info   :ModulePatch] Enabled patch PersonalBuffFullStringPatch
[Info   :ModulePatch] Enabled patch StimulatorApplyBuffPatch
[Info   :ModulePatch] Enabled patch CreatePhysicalSkillsPatch
[Info   :ModulePatch] Enabled patch SkillClassCtorPatch
[Info   :ModulePatch] Enabled patch SkillClassOnTriggerPatch
[Info   :ModulePatch] Enabled patch SkillManagerConstructorPatch
[Info   :Skills Extended PatchManager] Enabled 26 patches
[Info   :   BepInEx] Loading [Skills Extended Fika 1.0.1]
[Info   :ModulePatch] Enabled patch OnGameStartedPatch
[Info   :Skills Extended Fika PatchManager] Enabled 1 patches
[Info   :   BepInEx] Loading [Use items anywhere 1.3.2]
[Info   :ModulePatch] Enabled patch ContainerSlotsPatch
[Info   :ModulePatch] Enabled patch GetThrowablePriorityGrenadesListPatch
[Info   :ModulePatch] Enabled patch GrenadeThrowingSlotsPatch
[Info   :ModulePatch] Enabled patch IsAtBindablePlace
[Info   :ModulePatch] Enabled patch IsAtReachablePlace
[Info   :ModulePatch] Enabled patch PaymentSlotsPatch
[Info   :Use items anywhere PatchManager] Enabled 6 patches
[Info   :   BepInEx] Loading [SmoothTalker 1.2.1]
[Info   :SmoothTalker] [SmoothTalker] Fika detected — multiplayer-only filter available.
[Info   :ModulePatch] Enabled patch ShotFiredPatch
[Info   :ModulePatch] Enabled patch OnKillPatch
[Info   :ModulePatch] Enabled patch ReloadPatch
[Info   :ModulePatch] Enabled patch DryShotPatch
[Info   :ModulePatch] Enabled patch GrenadeHighThrowPatch
[Info   :ModulePatch] Enabled patch GrenadeLowThrowPatch
[Info   :ModulePatch] Enabled patch ShotAtPatch
[Info   :ModulePatch] Enabled patch FikaReloadPatch
[Info   :ModulePatch] Enabled patch ReceivePingPatch
[Info   :ModulePatch] Enabled patch ClientSendPingPatch
[Info   :ModulePatch] Enabled patch ServerSendPingPatch
[Info   :ModulePatch] Enabled patch ClientEnemySpottedPatch
[Info   :ModulePatch] Enabled patch ServerEnemySpottedPatch
[Info   :SmoothTalker] SmoothTalker v1.2.1 loaded.
[Info   :   BepInEx] Loading [Fontaine-FOVFix 4.0.1]
[Info   :ModulePatch] Enabled patch PwaWeaponParamsPatch
[Info   :ModulePatch] Enabled patch FreeLookPatch
[Info   :ModulePatch] Enabled patch LerpCameraPatch
[Info   :ModulePatch] Enabled patch FovRangePatch
[Info   :ModulePatch] Enabled patch FovValuePatch
[Info   :ModulePatch] Enabled patch AimingSensitivityPatch
[Info   :ModulePatch] Enabled patch ScopeSensitivityPatch
[Info   :ModulePatch] Enabled patch CloneItemPatch
[Info   :ModulePatch] Enabled patch SetPlayerAimingPatch
[Info   :ModulePatch] Enabled patch CalculateScaleValueByFovPatch
[Info   :   BepInEx] Loading [HeadVoiceSelector Core 1.0.7]
[Info   :ModulePatch] Enabled patch OverallScreenPatch
[Info   :   BepInEx] Loading [TaskSearch 1.0.0]
[Info   :ModulePatch] Enabled patch TasksPanelShowPatch
[Info   :ModulePatch] Enabled patch TasksPanelShowQuestsPatch
[Info   :ModulePatch] Enabled patch TasksPanelClosePatch
[Info   :ModulePatch] Enabled patch PlayerQuestsWindowInputPatch
[Info   :TaskSearch] TaskSearch 1.0.0 initialized (4 patches).
[Info   :   BepInEx] Loading [Janky-HollywoodFX 2.0.0]
[Info   :Janky-HollywoodFX] Loading Impacts Bundle: C:\SPT\BepInEx\plugins\HollywoodFX\hollywoodfx
[Info   :   BepInEx] Loading [HandsAreNotBusy 1.6.0]
[Info   :HandsAreNotBusy] HANB_Plugin has been loaded.
[Info   :ModulePatch] Enabled patch HANB_Patch
[Info   :   BepInEx] Loading [MergeConsumables 1.5.5]
[Info   :MergeConsumables] MC_Plugin has been loaded.
[Info   :ModulePatch] Enabled patch ConvertOperationResultToOperation_Patch
[Info   :ModulePatch] Enabled patch ExecutePossibleAction_Patch
[Info   :   BepInEx] Loading [WTT-ClientCommonLib 2.0.23]
[Info   :WTT-ClientCommonLib] Fika detected - loading Fika support
[Info   :ModulePatch] Enabled patch ItemDroppedAtPlacePatch
[Info   :ModulePatch] Enabled patch BoomboxAudioPatch
[Info   :ModulePatch] Enabled patch ClothingBundleRendererPatch
[Info   :ModulePatch] Enabled patch CounterCreatorChildConditionsPatch
[Info   :ModulePatch] Enabled patch ConditionSerializerCtorPatch
[Warning:  HarmonyX] com.wtt.commonlib: You should only patch implemented methods/constructors to avoid issues. Patch the declared method bool AbstractQuestClass::IsConditionDone(EFT.Quests.Condition condition) instead of bool AbstractQuestClass::IsConditionDone(EFT.Quests.Condition condition).
[Info   :ModulePatch] Enabled patch CounterCreatorCompletionPatch
[Info   :ModulePatch] Enabled patch CreateConditionPatch
[Info   :ModulePatch] Enabled patch FaceCardViewInitPatch
[Info   :ModulePatch] Enabled patch FaceCardViewTogglePatch
[Info   :ModulePatch] Enabled patch FixCustomItemSortingOrderPatch
[Info   :ModulePatch] Enabled patch GetActionsPatch
[Info   :ModulePatch] Enabled patch GetConditionHandlersByZonePatch
[Info   :ModulePatch] Enabled patch HideoutCustomizationIconPatch
[Info   :ModulePatch] Enabled patch HideoutCustomizationTexturesPatch
[Info   :ModulePatch] Enabled patch HideSecretLockedQuestsPatch
[Info   :ModulePatch] Enabled patch LocalRaidEndedPatch
[Info   :ModulePatch] Enabled patch MenuLoadedPatch
[Info   :ModulePatch] Enabled patch OnGameStarted
[Info   :ModulePatch] Enabled patch ProduceViewShowPatch
[Info   :ModulePatch] Enabled patch ProduceViewLoadedPatch
[Info   :ModulePatch] Enabled patch SalvageQuestIconPatch
[Info   :ModulePatch] Enabled patch Salvage_AddTriggerZonePatch
[Info   :ModulePatch] Enabled patch Salvage_RemoveTriggerZonePatch
[Info   :ModulePatch] Enabled patch Salvage_InteractionsChangedPatch
[Info   :WTT-ClientCommonLib PatchManager] Enabled 24 patches
[Info   :RequestHandler] [REQUEST]: /singleplayer/bundles
[Info   :RequestHandler] [REQUEST]: /wttcommonlib/recipes/extended/get
[Info   :RequestHandler] [REQUEST SUCCESSFUL] /wttcommonlib/recipes/extended/get
[Info   :RequestHandler] [REQUEST]: /wttcommonlib/parents/custom/get
[Info   :RequestHandler] [REQUEST SUCCESSFUL] /wttcommonlib/parents/custom/get
[Info   :   BepInEx] Loading [Manimal-CSGas 1.0.2]
[Info   :Manimal-CSGas] CSGas loaded!
[Info   :RequestHandler] [REQUEST]: /csgas/masks
[Info   :ModulePatch] Enabled patch CsGasPrefabRepairPatch
[Info   :RequestHandler] [REQUEST SUCCESSFUL] /csgas/masks
[Info   :Manimal-CSGas] [CSGas] mask config loaded from server: 10 full masks, 3 respirators
[Info   :ModulePatch] Enabled patch CsGasEmissionKeyPatch
[Warning:  HarmonyX] AccessTools.Property: Could not find property for type EFT.Grenade and name Rigidbody
[Info   :ModulePatch] Enabled patch CsGasGrenadeInitFixPatch
[Info   :ModulePatch] Enabled patch CsGasCloudPatch
[Info   :ModulePatch] Enabled patch CsGasExplosionPatch
[Info   :ModulePatch] Enabled patch CsGasEmissionAttachPatch
[Info   :ModulePatch] Enabled patch CsGasHitDebuffMutePatch
[Info   :ModulePatch] Enabled patch CsGasHurtVoiceMutePatch
[Info   :ModulePatch] Enabled patch CsGasMedBlockPatch
[Info   :ModulePatch] Enabled patch CsGasMedBlockFikaPatch
[Info   :ModulePatch] Enabled patch CsGasWorldDisposePatch
[Info   :ModulePatch] Enabled patch CsGasBotHearingGuardPatch
[Info   :   BepInEx] Loading [maschine-LinkedSearchInStash 1.0.0]
[Info   :maschine-LinkedSearchInStash] LinkedSearchInStash loaded
[Info   :ModulePatch] Enabled patch AddStashSearchButtonPatch
[Info   :ModulePatch] Enabled patch RepositionButtonPatch
[Info   :ModulePatch] Enabled patch StashSearchFilterPatch
[Info   :ModulePatch] Enabled patch StashSearchClearStatePatch
[Info   :   BepInEx] Loading [maschine-TraderSearch 1.0.0]
[Info   :ModulePatch] Enabled patch TraderDealScreenShowPatch
[Info   :ModulePatch] Enabled patch HandbookFilterPatch
[Info   :ModulePatch] Enabled patch TraderDealScreenUpdatePatch
[Info   :ModulePatch] Enabled patch TraderScreensGroupTranslateCommandPatch
[Info   :ModulePatch] Enabled patch SuppressAlphanumericCommandsPatch
[Info   :ModulePatch] Enabled patch TraderDealScreenFullClosePatch
[Info   :maschine-TraderSearch] maschine-TraderSearch v1.0.0 loaded.
[Info   :   BepInEx] Loading [maschine-WeaponBuilderSearch 1.1.0]
[Info   :ModulePatch] Enabled patch DropDownMenuShowPatch
[Info   :ModulePatch] Enabled patch DropDownMenuClosePatch
[Info   :maschine-WeaponBuilderSearch] maschine-WeaponBuilderSearch v1.1.0 loaded.
[Info   :   BepInEx] Loading [DynamicMaps 1.1.3]
[Warning:  HarmonyX] BattleUIScreenShowPatch: You should only patch implemented methods/constructors to avoid issues. Patch the declared method void EFT.UI.BattleUIScreen<EFT.UI.EftBattleUIScreen+GClass3865, EFT.UI.Screens.EEftScreenType>::Show(EFT.GamePlayerOwner owner) instead of void EFT.UI.BattleUIScreen<EFT.UI.EftBattleUIScreen+GClass3865, EFT.UI.Screens.EEftScreenType>::Show(EFT.GamePlayerOwner owner).
[Info   :ModulePatch] Enabled patch BattleUIScreenShowPatch
[Info   :ModulePatch] Enabled patch CommonUIAwakePatch
[Info   :ModulePatch] Enabled patch MapScreenShowPatch
[Info   :ModulePatch] Enabled patch MapScreenClosePatch
[Info   :ModulePatch] Enabled patch GameStartedPatch
[Info   :ModulePatch] Enabled patch GameWorldOnDestroyPatch
[Info   :ModulePatch] Enabled patch GameWorldUnregisterPlayerPatch
[Info   :ModulePatch] Enabled patch LootItemInitPatch
[Info   :ModulePatch] Enabled patch GameWorldDestroyLootPatch
[Info   :ModulePatch] Enabled patch AirdropBoxOnBoxLandPatch
[Info   :ModulePatch] Enabled patch PlayerOnDeadPatch
[Info   :ModulePatch] Enabled patch PlayerInventoryThrowItemPatch
[Info   :ModulePatch] Enabled patch ShowViewButtonPatch
[Info   :ModulePatch] Enabled patch MenuLoadPatch
[Info   :   BepInEx] Loading [Continuous Load Ammo 1.1.5]
[Info   :ModulePatch] Enabled patch ApplyMagPresetPatch
[Info   :ModulePatch] Enabled patch EnableContextPresetPatch
[Info   :ModulePatch] Enabled patch InventoryScreenClosePatch
[Info   :ModulePatch] Enabled patch LoadMagazineStartPatch
[Info   :ModulePatch] Enabled patch OnClickPatch
[Info   :ModulePatch] Enabled patch PresetSubInteractionsPatch
[Info   :ModulePatch] Enabled patch RegisterPlayerPatch
[Info   :ModulePatch] Enabled patch SetSubInteractionsPatch
[Info   :ModulePatch] Enabled patch UnloadMagazineStartPatch
[Info   :ModulePatch] Enabled patch TasksScreenShowPatch
[Info   :ModulePatch] Enabled patch ItemsPanelShowPatch
[Info   :ModulePatch] Enabled patch MapScreenPatch
[Info   :ModulePatch] Enabled patch PlayerModelPatch
[Info   :ModulePatch] Enabled patch SkillsAndMasteringPatch
[Info   :ModulePatch] Enabled patch StopProcessesPatch
[Info   :Continuous Load Ammo PatchManager] Enabled 15 patches
[Info   :   BepInEx] Loading [Foldables 1.0.3]
[Info   :ModulePatch] Enabled patch CalculateExtraSizePatch
[Warning:  HarmonyX] com.ozen.foldables: You should only patch implemented methods/constructors to avoid issues. Patch the declared method void EFT.UI.DragAndDrop.ItemView::NewItemView(EFT.InventoryLogic.Item item, ItemContextAbstractClass sourceItemContext, ItemRotation rotation, TraderControllerClass itemController, IContainer container, EFT.InventoryLogic.IItemOwner itemOwner, EFT.UI.ItemUiContext itemUiContext) instead of void EFT.UI.DragAndDrop.ItemView::NewItemView(EFT.InventoryLogic.Item item, ItemContextAbstractClass sourceItemContext, ItemRotation rotation, TraderControllerClass itemController, IContainer container, EFT.InventoryLogic.IItemOwner itemOwner, EFT.UI.ItemUiContext itemUiContext).
[Info   :ModulePatch] Enabled patch ImageRaycastPatch
[Info   :ModulePatch] Enabled patch ResizeHelperPatch
[Warning:  HarmonyX] com.ozen.foldables: You should only patch implemented methods/constructors to avoid issues. Patch the declared method virtual void EFT.UI.DragAndDrop.ItemView::UpdateScale() instead of virtual void EFT.UI.DragAndDrop.ItemView::UpdateScale().
[Info   :ModulePatch] Enabled patch UpdateScalePatch
[Info   :ModulePatch] Enabled patch CallToFoldItemPatch
[Info   :ModulePatch] Enabled patch CanFoldPatch
[Info   :ModulePatch] Enabled patch UnfoldOnOpenInteractionPatch
[Info   :ModulePatch] Enabled patch FindLocationPatch
[Info   :ModulePatch] Enabled patch InteractionSwitcherPatch
[Info   :ModulePatch] Enabled patch ItemNamePatch
[Info   :ModulePatch] Enabled patch OnAddToSlotPatch
[Info   :ModulePatch] Enabled patch OnDragPatch
[Info   :ModulePatch] Enabled patch OnItemAddedPatch
[Info   :ModulePatch] Enabled patch OnRemoveFromSlotPatch
[Info   :ModulePatch] Enabled patch SearchableItemViewShowPatch
[Info   :ModulePatch] Enabled patch ActionsNamePatch
[Info   :ModulePatch] Enabled patch GetActionsPatch
[Info   :ModulePatch] Enabled patch InventoryScreenShowPatch
[Info   :ModulePatch] Enabled patch StopProcessesPatch
[Info   :ModulePatch] Enabled patch GetItemTypePatch
[Info   :Foldables PatchManager] Enabled 20 patches
[Info   :ModulePatch] Enabled patch InventoryScreenClosePatch
[Info   :   BepInEx] Loading [ScrollableAttachments 1.1.0]
[Info   :ModulePatch] Enabled patch EditBuildAwakePatch
[Info   :ModulePatch] Enabled patch ScrollTriggerDisablePatch
[Info   :ModulePatch] Enabled patch WeaponModdingWakePatch
[Info   :ScrollableAttachments PatchManager] Enabled 3 patches
[Info   :   BepInEx] Loading [s8 1.0.0]
[Info   :        s8] [Crc32 Patch] Crc32 Patch Enabled!
[Info   :        s8] [Crc32 Debug] Crc32 DebugCompare = False
[Info   :        s8] [Crc32 Patch] Loaded native DLL: C:\SPT\BepInEx\plugins\s8_SPT_PatchCRC32\libcrc32_pclmulqdq.dll
[Info   :        s8] Harmony patches applied for Crc32 (native DLL available).
[Info   :        s8] 
 Patching CRC function since 2026
 Faster, faster, faster! -- Octane
            EPIC s8

[Info   :   BepInEx] Loading [s8_SPTLoadBundleEvenFaster 1.0.0]
[Info   :s8_SPTLoadBundleEvenFaster] [Performance] Hooked into 'com.s8.sptpatchcrc32' native accelerator successfully!
[Info   :s8_SPTLoadBundleEvenFaster] SPT_LoadBundleEvenFaster plugin loaded
[Info   :   BepInEx] Loading [SALCO's ARMORY Client 0.4.1]
[Info   :SALCO's ARMORY Client] Loaded 4/4 custom stimulant hand textures.
[Info   :ModulePatch] Enabled patch StimInHandsTexturePatch
[Info   :SALCO's ARMORY Client] B.O.N.E. vital-surgery guard installed for head and chest.
[Info   :ModulePatch] Enabled patch BoneVitalRestorePatch
[Info   :ModulePatch] Enabled patch BoneVitalMedEffectContextPatch
[Info   :ModulePatch] Enabled patch BoneVitalBodyPartSelectionPatch
[Info   :ModulePatch] Enabled patch ConvertMedicalMergeResultPatch
[Info   :ModulePatch] Enabled patch MedicalMergeAvailableInteractionsPatch
[Info   :ModulePatch] Enabled patch MedicalMergeLabelPatch
[Info   :ModulePatch] Enabled patch MedicalMergeExecutePatch
[Info   :ModulePatch] Enabled patch MedicalMergeIsActivePatch
[Info   :ModulePatch] Enabled patch MedicalMergeIsInteractivePatch
[Info   :SALCO's ARMORY Client] SALCO's ARMORY Client 0.4.1 loaded.
[Info   :   BepInEx] Loading [VeilSight 1.0.1]
[Info   :ModulePatch] Enabled patch VisibilityGate
[Info   : VeilSight] [VeilSight] v1.0.1 loaded.
[Info   :   BepInEx] Loading [Player Lives 1.2.5]
[Info   :Player Lives] Player Lives plugin loaded!
[Info   :ModulePatch] Enabled patch DeathPatch
[Info   :ModulePatch] Enabled patch RevivalFeatures
[Info   :ModulePatch] Enabled patch RaidStartPatch
[Info   :   BepInEx] Loading [Show Me The Money 2.7.0]
[Info   :RequestHandler] [REQUEST]: /showMeTheMoney/getPartialRagfairConfig
[Info   :ModulePatch] Enabled patch TraderClassPatch
[Info   :ModulePatch] Enabled patch EditBuildScreenShowPatch
[Info   :ModulePatch] Enabled patch EditBuildScreenClosePatch
[Info   :ModulePatch] Enabled patch GridItemOnPointerEnterPatch
[Info   :ModulePatch] Enabled patch GridItemOnPointerExitPatch
[Info   :ModulePatch] Enabled patch InventoryScreenClosePatch
[Info   :ModulePatch] Enabled patch SimpleTooltipShowPatch
[Info   :   BepInEx] Loading [tarkin.ladders.bep 1.0.2]
[Info   :   BepInEx] Loading [Task Item Indicator 1.1.0]
[Info   :Task Item Indicator] Task Item Indicator loaded.
[Info   :   BepInEx] Loading [WTT-PackNStrap 2.0.4]
[Info   :ModulePatch] Enabled patch GetPrioritizedGridsForUnloadedObjectPatch
[Info   :ModulePatch] Enabled patch MergeContainerWithChildrenPatch
[Info   :ModulePatch] Enabled patch UnloadWeaponPatch
[Info   :ModulePatch] Enabled patch FindSlotForPickupPatch
[Info   :ModulePatch] Enabled patch RegisterCustomItemTypesPatch
[Info   :   BepInEx] Loading [Trenchfoot-BeltSlot 2.0.4]
[Info   :ModulePatch] Enabled patch ContainersPanelPatch
[Info   :ModulePatch] Enabled patch ContainersPanelPatch2
[Info   :ModulePatch] Enabled patch ComplexStashPanelPatch
[Info   :ModulePatch] Enabled patch ComplexStashPanelPatch2
[Info   :ModulePatch] Enabled patch MainMenuControllerClassPatch
[Info   :ModulePatch] Enabled patch ItemUiContextPatch
[Info   :ModulePatch] Enabled patch EquipmentBuildsScreenPatch
[Info   :ModulePatch] Enabled patch InventoryEquipmentPatch
[Info   :ModulePatch] Enabled patch InventoryScreenPatch
[Info   :ModulePatch] Enabled patch ItemViewPatch
[Info   :ModulePatch] Disabled patch GetPrioritizedContainersPatch
[Info   :ModulePatch] Enabled patch GetPrioritizedContainersPackNStrapPatch
[Info   :   BepInEx] Loading [Tyfon.HideoutInProgress 2.0.2]
[Info   :ModulePatch] Enabled patch LoadPatch
[Info   :ModulePatch] Enabled patch ButtonPatch
[Info   :ModulePatch] Enabled patch CountPatch
[Info   :ModulePatch] Enabled patch UpgradePatch
[Info   :ModulePatch] Enabled patch IsInWishlistPatch
[Info   :ModulePatch] Enabled patch GetWishlistPatch
[Info   :ModulePatch] Enabled patch RequirementsPatch
[Info   :   BepInEx] Loading [Tyfon.WeaponCustomizer 3.0.3]
[Info   :ModulePatch] Enabled patch MenuLoadPatch
[Info   :ModulePatch] Enabled patch OtherInventoryLoadPatch
[Info   :ModulePatch] Enabled patch InsuranceMessageReceivedPatch
[Info   :ModulePatch] Enabled patch BoneMoverPatch
[Info   :ModulePatch] Enabled patch RevertButtonPatch
[Info   :ModulePatch] Enabled patch AssemblePatch
[Info   :ModulePatch] Enabled patch CheckIfAlreadyBuiltPatch
[Info   :ModulePatch] Enabled patch LoadBuildPatch
[Info   :ModulePatch] Enabled patch FindBuildPatch
[Info   :ModulePatch] Enabled patch SaveBuildPatch
[Info   :ModulePatch] Enabled patch RemoveBuildPatch
[Info   :ModulePatch] Enabled patch ModdingIsActiveInRaidPatch
[Info   :ModulePatch] Enabled patch ModdingIsInteractiveInRaidPatch
[Info   :ModulePatch] Enabled patch ModWeaponInRaidPatch
[Info   :ModulePatch] Enabled patch SimpleModdingScreenPatch
[Info   :ModulePatch] Enabled patch ClonePatch
[Info   :ModulePatch] Enabled patch SplitPresetPatch
[Info   :ModulePatch] Enabled patch InsertModPatch
[Info   :ModulePatch] Enabled patch CreateItemPatch
[Info   :ModulePatch] Enabled patch IconPatch
[Info   :   BepInEx] Loading [AirFilter Only Drains In Raid 1.0.0]
[Info   :AirFilter Only Drains In Raid] plugin loaded!
[Info   :ModulePatch] Enabled patch AirfilterUpdatePatch
[Info   :   BepInEx] Loading [Blackout 3.1.1]
[Info   :  Blackout] [Blackout] Bundle loaded: blackout sfx ok, announcer ok
[Info   :ModulePatch] Enabled patch KeycardActionsPatch
[Info   :  Blackout] [BlackoutFika] bridge attached, waiting for a raid
[Info   :  Blackout] [Blackout] Fika detected, co-op bridge loaded
[Info   :   BepInEx] Loading [WTT-Armory 2.0.5]
[Info   :ModulePatch] Enabled patch UpdateWeaponVariablesPatch
[Info   :ModulePatch] Enabled patch ShootPatch
[Info   :   BepInEx] Loading [WTT-ContentBackportClient 1.1.2]
[Info   :ModulePatch] Enabled patch SetMaxUniqueAnimationModIdPatch
[Info   :ModulePatch] Enabled patch MannequinPatch
[Info   :ModulePatch] Enabled patch EnvironmentUIAwakePatch
[Info   :ModulePatch] Enabled patch EnvironmentUISetEnvironmentPatch
[Info   :   BepInEx] Loading [ZGFueDkx-SkillDistribution 1.2.2]
[Info   :ZGFueDkx-SkillDistribution] Loading settings from server
[Info   :RequestHandler] [REQUEST]: /skill-distribution/config
[Info   :RequestHandler] [REQUEST SUCCESSFUL] /skill-distribution/config
[Info   :ModulePatch] Enabled patch ProfileSelectionPatch
[Info   :ModulePatch] Enabled patch SkillUnsubscribePatch
[Info   :ModulePatch] Enabled patch AbstractSkillUnsubscribePatch
[Info   :ModulePatch] Enabled patch AbstractSkillPatch
[Info   :ModulePatch] Enabled patch OnGameStartedPatch
[Info   :ModulePatch] Enabled patch SkillPanelPatch
[Info   :ModulePatch] Enabled patch SkillTooltipPatch
[Info   :ModulePatch] Enabled patch WorkoutBehaviourPatch
[Info   :ZGFueDkx-SkillDistribution] SkillDistribution by ZGFueDkx version 1.2.2 started
[Info   :   BepInEx] Loading [Vagabond 0.7.1]
[Info   :ModulePatch] Enabled patch CustomExfilPlacementPatch
[Info   :ModulePatch] Enabled patch CustomExfilCleanupPatch
[Info   :ModulePatch] Enabled patch CustomTransitRetryPatch
[Info   :ModulePatch] Enabled patch ExfiltrationPointOnTriggerEnterPatch
[Info   :ModulePatch] Enabled patch ExfiltrationPointOnTriggerExitPatch
[Info   :ModulePatch] Enabled patch SpawnSystemSelectSpawnPointPatch
[Info   :ModulePatch] Enabled patch ActiveHealthControllerPatch
[Info   :ModulePatch] Enabled patch KeepFirStatusPatch
[Info   :ModulePatch] Enabled patch ABPSPmcDistancePatch
[Info   :ModulePatch] Enabled patch ABPSScavDistancePatch
[Info   :ModulePatch] Enabled patch LocalGameStopPatch
[Info   :ModulePatch] Enabled patch MenuShowPatch
[Info   :ModulePatch] Enabled patch HealthTreatmentScreenShowPatch
[Info   :ModulePatch] Enabled patch HealthTreatmentScreenAddTreatmentPatch
[Info   :ModulePatch] Enabled patch MatchMakerSideSelectionScreenPatch
[Info   :ModulePatch] Enabled patch HideUnavailableTraderCardsPatch
[Info   :ModulePatch] Enabled patch SelectAvailableTraderPatch
[Info   :ModulePatch] Enabled patch BlockTraderMailClaimAllPatch
[Info   :ModulePatch] Enabled patch BlockTraderMailClaimGetPatch
[Info   :ModulePatch] Enabled patch TransitInteractionPatch
[Info   :ModulePatch] Enabled patch TransitInteractionLabelPatch
[Info   :ModulePatch] Enabled patch TransitCommitPatch
[Info   :ModulePatch] Enabled patch SkipInsuranceFlowPatch
[Info   :  Vagabond] [Vagabond] loaded
[Info   :   BepInEx] Loading [LMSP 1.0.0]
[Info   :      LMSP] LMSP loaded!
[Info   :ModulePatch] Enabled patch PlateSlotPatch
[Info   :   BepInEx] Loading [Modern Weapon Mods (MWM) Client 1.0.0]
[Info   :Modern Weapon Mods (MWM) Client] Modern Weapon Mods (MWM) Client loaded.
[Info   :   BepInEx] Loading [Tyfon.AutoDeposit 5.0.0]
[Info   :ModulePatch] Enabled patch AddInventoryButtonsPatch
[Info   :ModulePatch] Enabled patch AddTransferButtonPatch
[Info   :   BepInEx] Loading [Content Backport - Prestiges 1.0.5]
[Info   :ModulePatch] Enabled patch PrestigeAnimationPlayerPatch
[Message:   BepInEx] Chainloader startup complete
[Info   :RequestHandler] [REQUEST]: /singleplayer/settings/version
[Info   :RequestHandler] [REQUEST SUCCESSFUL] /singleplayer/settings/version
[Info   :RequestHandler] [REQUEST]: /singleplayer/release
[Info   :RequestHandler] [REQUEST SUCCESSFUL] /singleplayer/release
[Info   :RequestHandler] [REQUEST]: /singleplayer/moddedTraders
[Info   :RequestHandler] [REQUEST SUCCESSFUL] /singleplayer/moddedTraders
[Info   :RequestHandler] [REQUEST]: /singleplayer/enableBSGlogging
[Info   :RequestHandler] [REQUEST SUCCESSFUL] /singleplayer/enableBSGlogging
[Info   :RequestHandler] [REQUEST]: /skillsExtended/GetKeys
[Info   :RequestHandler] [REQUEST SUCCESSFUL] /skillsExtended/GetKeys
[Info   :RequestHandler] [REQUEST]: /skillsExtended/GetSkillsConfig
[Info   :RequestHandler] [REQUEST SUCCESSFUL] /skillsExtended/GetSkillsConfig
[Info   :ModulePatch] Enabled patch Patch_GameWorld_Dispose
[Info   :ModulePatch] Enabled patch Patch_GameWorld_OnGameStarted
[Info   :ModulePatch] Enabled patch Patch_InteractionContextHelper_GetAvailableActions
[Info   :ModulePatch] Enabled patch Patch_MoveInputTranslator_TranslateAxes
[Info   :ModulePatch] Enabled patch Patch_Physical_CanClimb
[Info   :ModulePatch] Enabled patch Patch_Physical_CanVault
[Info   :ModulePatch] Enabled patch Patch_ObstacleCalculatorModel_DistanceToMainObstacle
[Info   :tarkin.ladders.bep PatchManager] Enabled 7 patches
[Info   :RequestHandler] [REQUEST SUCCESSFUL] /singleplayer/bundles
[Info   :RequestHandler] [REQUEST]: /wttcommonlib/voices/get
[Info   :RequestHandler] [REQUEST SUCCESSFUL] /wttcommonlib/voices/get
[Info   :RequestHandler] [REQUEST]: /wttcommonlib/slotimages/get
[Info   :RequestHandler] [REQUEST SUCCESSFUL] /wttcommonlib/slotimages/get
[Info   :RequestHandler] [REQUEST]: /wttcommonlib/riglayouts/get
[Info   :RequestHandler] [REQUEST SUCCESSFUL] /wttcommonlib/riglayouts/get
[Info   :RequestHandler] [REQUEST]: /wttcommonlib/audio/manifest/get
[Info   :RequestHandler] [REQUEST SUCCESSFUL] /wttcommonlib/audio/manifest/get
[Info   :RequestHandler] [REQUEST]: /wttcommonlib/hideout/icons/manifest
[Info   :RequestHandler] [REQUEST]: /wttcommonlib/hideout/marktextures/manifest
[Info   :RequestHandler] [REQUEST]: /wttcommonlib/spawnsystem/configs/get
[Info   :RequestHandler] [REQUEST SUCCESSFUL] /wttcommonlib/spawnsystem/configs/get
[Info   :RequestHandler] [REQUEST SUCCESSFUL] /showMeTheMoney/getPartialRagfairConfig
[Info   :RequestHandler] [REQUEST SUCCESSFUL] /wttcommonlib/hideout/marktextures/manifest
[Info   :RequestHandler] [REQUEST SUCCESSFUL] /wttcommonlib/hideout/icons/manifest
[Info   :s8_SPTLoadBundleEvenFaster] Init_Prefix: Starting parallel bundle validation...
[Info   :s8_SPTLoadBundleEvenFaster] ValidateBundlesStreamingAsync: Starting parallel bundle validation for 4534 bundles using Native PCLMULQDQ
[Info   :s8_SPTLoadBundleEvenFaster] ValidateBundlesStreamingAsync: Max concurrent CRC tasks set to 16 based on CPU thread count.
[Info   : Fika.Core] Server version check passed. Expected: >2.3.5, received: 2.3.5
[Info   :FikaModHandler] Loaded plugin: [SPT.Custom] with GUID [com.SPT.custom] and crc32 [1044430791]
[Info   :FikaModHandler] Loaded plugin: [SPT.Singleplayer] with GUID [com.SPT.singleplayer] and crc32 [3414810157]
[Info   :FikaModHandler] Loaded plugin: [SPT.Core] with GUID [com.SPT.core] and crc32 [685668204]
[Info   :FikaModHandler] Loaded plugin: [SPT.Debugging] with GUID [com.SPT.debugging] and crc32 [254322737]
[Info   :FikaModHandler] Loaded plugin: [Fika.Core] with GUID [com.fika.core] and crc32 [4069422837]
[Info   :FikaModHandler] Loaded plugin: [7Bpencil.WeaponCamoAndStickers] with GUID [7Bpencil.WeaponCamoAndStickers] and crc32 [30375602]
[Info   :FikaModHandler] Loaded plugin: [7Bpencil.EquipmentStickers] with GUID [7Bpencil.EquipmentStickers] and crc32 [198592896]
[Info   :FikaModHandler] Loaded plugin: [7Bpencil.MaterialEditor] with GUID [7Bpencil.MaterialEditor] and crc32 [959179393]
[Info   :FikaModHandler] Loaded plugin: [Female PMC Voice] with GUID [com.20fpsguy.femalevoice] and crc32 [842334292]
[Info   :FikaModHandler] Loaded plugin: [Parmesan - Partizan Rework] with GUID [com.20fpsguy.parmesan] and crc32 [4267679991]
[Info   :FikaModHandler] Loaded plugin: [acidphantasm-botplacementsystem] with GUID [com.acidphantasm.botplacementsystem] and crc32 [4006453864]
[Info   :FikaModHandler] Loaded plugin: [acidphantasm-StatTrack] with GUID [com.acidphantasm.stattrack] and crc32 [655745952]
[Info   :FikaModHandler] Loaded plugin: [Amands's Graphics] with GUID [com.Amanda.Graphics] and crc32 [2034541531]
[Info   :FikaModHandler] Loaded plugin: [Configuration Manager] with GUID [com.bepis.bepinex.configurationmanager] and crc32 [1470267783]
[Info   :FikaModHandler] Loaded plugin: [DrakiaXYZ-BigBrain] with GUID [xyz.drakia.bigbrain] and crc32 [3960275769]
[Info   :FikaModHandler] Loaded plugin: [SAIN] with GUID [me.sol.sain] and crc32 [2423808687]
[Info   :FikaModHandler] Loaded plugin: [MoreBotsAPI] with GUID [com.morebotsapi.tacticaltoaster] and crc32 [384778648]
[Info   :FikaModHandler] Loaded plugin: [BlackDiv] with GUID [com.blackdiv.tacticaltoaster] and crc32 [2372149701]
[Info   :FikaModHandler] Loaded plugin: [DrakiaXYZ-Waypoints] with GUID [xyz.drakia.waypoints] and crc32 [1236001733]
[Info   :FikaModHandler] Loaded plugin: [ORBIT] with GUID [com.chazut.orbit] and crc32 [2258776500]
[Info   :FikaModHandler] Loaded plugin: [Skills Extended] with GUID [com.cj.SkillsExtended] and crc32 [603181612]
[Info   :FikaModHandler] Loaded plugin: [Skills Extended Fika] with GUID [com.cj.SkillsExtendedFika] and crc32 [2572881420]
[Info   :FikaModHandler] Loaded plugin: [Use items anywhere] with GUID [com.cj.useFromAnywhere] and crc32 [405608694]
[Info   :FikaModHandler] Loaded plugin: [SmoothTalker] with GUID [com.fiodor.smoothtalker] and crc32 [3095424108]
[Info   :FikaModHandler] Loaded plugin: [Fontaine-FOVFix] with GUID [com.fontaine.fovfix] and crc32 [490701888]
[Info   :FikaModHandler] Loaded plugin: [HeadVoiceSelector Core] with GUID [com.HeadVoiceSelector.Core] and crc32 [3039707524]
[Info   :FikaModHandler] Loaded plugin: [TaskSearch] with GUID [com.hj.tasksearch] and crc32 [3907895488]
[Info   :FikaModHandler] Loaded plugin: [Janky-HollywoodFX] with GUID [com.janky.hollywoodfx] and crc32 [3790001656]
[Info   :FikaModHandler] Loaded plugin: [HandsAreNotBusy] with GUID [com.lacyway.hanb] and crc32 [1320106241]
[Info   :FikaModHandler] Loaded plugin: [MergeConsumables] with GUID [com.lacyway.mc] and crc32 [3534424541]
[Info   :FikaModHandler] Loaded plugin: [WTT-ClientCommonLib] with GUID [com.wtt.commonlib] and crc32 [525075431]
[Info   :FikaModHandler] Loaded plugin: [Manimal-CSGas] with GUID [com.manimal.csgas] and crc32 [3013993998]
[Info   :FikaModHandler] Loaded plugin: [maschine-LinkedSearchInStash] with GUID [com.maschine.LinkedSearchInStash] and crc32 [2627606711]
[Info   :FikaModHandler] Loaded plugin: [maschine-TraderSearch] with GUID [com.maschine.TraderSearch] and crc32 [849696675]
[Info   :FikaModHandler] Loaded plugin: [maschine-WeaponBuilderSearch] with GUID [com.maschine.WeaponBuilderSearch] and crc32 [4291847362]
[Info   :FikaModHandler] Loaded plugin: [DynamicMaps] with GUID [com.mpstark.dynamicmaps] and crc32 [3880434817]
[Info   :FikaModHandler] Loaded plugin: [Continuous Load Ammo] with GUID [com.ozen.continuousloadammo] and crc32 [1529912754]
[Info   :FikaModHandler] Loaded plugin: [Foldables] with GUID [com.ozen.foldables] and crc32 [3935919589]
[Info   :FikaModHandler] Loaded plugin: [ScrollableAttachments] with GUID [com.pein.attachmentscrolling] and crc32 [1409414314]
[Info   :FikaModHandler] Loaded plugin: [s8] with GUID [com.s8.sptpatchcrc32] and crc32 [2845011748]
[Info   :FikaModHandler] Loaded plugin: [s8_SPTLoadBundleEvenFaster] with GUID [com.s8.sptloadbundleevenfaster] and crc32 [1297229122]
[Info   :FikaModHandler] Loaded plugin: [SALCO's ARMORY Client] with GUID [com.salco.salcosarmory] and crc32 [2207053211]
[Info   :FikaModHandler] Loaded plugin: [VeilSight] with GUID [com.sherrifpowpow.veilsight] and crc32 [3931805027]
[Info   :FikaModHandler] Loaded plugin: [Player Lives] with GUID [com.somtam.playerLives] and crc32 [1506699133]
[Info   :FikaModHandler] Loaded plugin: [Show Me The Money] with GUID [com.swiftxp.spt.showmethemoney] and crc32 [703831096]
[Info   :FikaModHandler] Loaded plugin: [tarkin.ladders.bep] with GUID [com.tarkin.ladders] and crc32 [283446267]
[Info   :FikaModHandler] Loaded plugin: [Task Item Indicator] with GUID [com.thecrimsonfuckr.taskitemindicator] and crc32 [1010830273]
[Info   :FikaModHandler] Loaded plugin: [WTT-PackNStrap] with GUID [com.wtt.packnstrap] and crc32 [690294233]
[Info   :FikaModHandler] Loaded plugin: [Trenchfoot-BeltSlot] with GUID [com.trenchfoot.beltslot] and crc32 [2158599349]
[Info   :FikaModHandler] Loaded plugin: [Tyfon.HideoutInProgress] with GUID [com.tyfon.hideoutinprogress] and crc32 [1028134997]
[Info   :FikaModHandler] Loaded plugin: [Tyfon.WeaponCustomizer] with GUID [com.tyfon.weaponcustomizer] and crc32 [964693890]
[Info   :FikaModHandler] Loaded plugin: [AirFilter Only Drains In Raid] with GUID [com.utjan.airfilterqol] and crc32 [716588418]
[Info   :FikaModHandler] Loaded plugin: [Blackout] with GUID [com.vultify.blackout] and crc32 [3103729718]
[Info   :FikaModHandler] Loaded plugin: [WTT-Armory] with GUID [com.wtt.armory] and crc32 [770720733]
[Info   :FikaModHandler] Loaded plugin: [WTT-ContentBackportClient] with GUID [com.wtt.contentbackport] and crc32 [2498395423]
[Info   :FikaModHandler] Loaded plugin: [ZGFueDkx-SkillDistribution] with GUID [com.zgfuedkx.skilldistribution] and crc32 [1070612046]
[Info   :FikaModHandler] Loaded plugin: [Vagabond] with GUID [dev.oogabooga.spt-vagabond] and crc32 [3855660806]
[Info   :FikaModHandler] Loaded plugin: [LMSP] with GUID [nessu1n.LMSP] and crc32 [2232807741]
[Info   :FikaModHandler] Loaded plugin: [Modern Weapon Mods (MWM) Client] with GUID [org.kilodyne.modernweaponmods.client] and crc32 [732061530]
[Info   :FikaModHandler] Loaded plugin: [Tyfon.AutoDeposit] with GUID [Tyfon.AutoDeposit] and crc32 [1112192479]
[Info   :FikaModHandler] Loaded plugin: [Content Backport - Prestiges] with GUID [wtf.archangel.contentbackportprestiges] and crc32 [951100218]
[Info   :RequestHandler] [REQUEST]: /fika/client/check/mods
[Info   :RequestHandler] [REQUEST SUCCESSFUL] /fika/client/check/mods
[Info   :FikaModHandler] UI Fixes is not loaded, enabling PartyInfoPanel fix
[Info   :ModulePatch] Enabled patch PartyInfoPanel_method_3_Patch
[Info   :s8_SPTLoadBundleEvenFaster] ValidateBundlesStreamingAsync: Validation completed. Valid: 4534/4534
[Info   :s8_SPTLoadBundleEvenFaster] Init_Prefix: Validation succeeded! Fast path enabled. Bypassing SPT serial hash checks.
[Message:ModulePatch] SAIN detected, initializing SAIN interop for MoreBotsAPI.
[Info   :MoreBotsAPI] Initializing SAIN interop for MoreBotsAPI...
[Info   :MoreBotsAPI] Creating custom bot types for SAIN...
[Info   :MoreBotsAPI] Added SAIN BotType: Black Division Lead with WildSpawnType blackDivLead
[Info   :MoreBotsAPI] Added SAIN BotType: Black Division Assault with WildSpawnType blackDivAssault
[Info   :MoreBotsAPI] Added SAIN BotType: Black Division Breacher with WildSpawnType blackDivBreacher
[Info   :MoreBotsAPI] Added SAIN BotType: Black Division Support with WildSpawnType blackDivSupport
[Info   :MoreBotsAPI] Added SAIN BotType: Wedge with WildSpawnType bossWedge
[Info   :MoreBotsAPI] Added SAIN BotType: Black Division Raider with WildSpawnType blackDivIb
[Info   :RequestHandler] [REQUEST]: /client/handbook/templates
[Info   :RequestHandler] [REQUEST SUCCESSFUL] /client/handbook/templates
[Info   :     ORBIT] F204: ORBIT 1.2.1 initialised
[Info   :ModulePatch] Enabled patch OrbitInitPatch
[Info   :ModulePatch] Enabled patch OrbitTickPatch
[Info   :ModulePatch] Enabled patch OrbitDisposePatch
[Info   :ModulePatch] Enabled patch DoorCarverShrinkPatch
[Info   :ModulePatch] Enabled patch DoorUnlockTracePatch
[Info   :ModulePatch] Enabled patch SoftTeleportTracePatch
[Info   :ModulePatch] Enabled patch HardTeleportTracePatch
[Info   :ModulePatch] Enabled patch MovementContextHumanizePatch
[Info   :ModulePatch] Enabled patch BotVaultingPatch
[Info   :ModulePatch] Enabled patch ManualFixedUpdateSkipPatch
[Info   :ModulePatch] Enabled patch AirdropLandedPatch
[Info   :ModulePatch] Enabled patch InventoryChangePatch
[Info   :ModulePatch] Enabled patch CorpseRegistrationPatch
[Info   :ModulePatch] Enabled patch RescueInterceptPatch
[Info   :ModulePatch] Enabled patch AssaultEnemyFarBypassPatch
[Info   :ModulePatch] Enabled patch ExfilLayerBypassPatch
[Info   :ModulePatch] Enabled patch PtrlBirdEyeBypassPatch
[Info   :     ORBIT] BlackDivision: detected and takeover OFF — bots with role containing [blackDiv] will skip ORBIT
[Info   :     ORBIT] Disable ORBIT on raiders ON — Raiders (pmcBot) and Rogues (exUsec) running on BSG's vanilla brain.
[Info   :     ORBIT] F204: ORBIT 1.2.1 fully loaded — BrainManager wired
[Info   :Janky-HollywoodFX] Enabling Enhanced Shell Physics
[Info   :ModulePatch] Enabled patch GameWorldDisposePostfixPatch
[Info   :ModulePatch] Enabled patch GameWorldAwakePrefixPatch
[Info   :ModulePatch] Enabled patch GameWorldStartedPostfixPatch
[Info   :ModulePatch] Enabled patch ShotDelegateWrapperPatch
[Info   :ModulePatch] Enabled patch EffectsAwakePrefixPatch
[Info   :ModulePatch] Enabled patch EffectsAwakePostfixPatch
[Info   :ModulePatch] Enabled patch EffectsEmitPatch
[Info   :ModulePatch] Enabled patch TextureDecalsPainterVisCheckPatch
[Info   :ModulePatch] Enabled patch AmmoPoolObjectAutoDestroyPostfixPatch
[Info   :ModulePatch] Enabled patch ShellOnBouncePrefixPatch
[Info   :ModulePatch] Enabled patch FirearmControllerInitiateShotPrefixPatch
[Info   :ModulePatch] Enabled patch MuzzleManagerShotPrefixPatch
[Info   :ModulePatch] Enabled patch WeaponPrefabInitHotObjectsPostfixPatch
[Info   :ModulePatch] Enabled patch EffectsInitBlastControllerPatch
[Info   :ModulePatch] Enabled patch EffectsWipeDefaultExplosionSystemsPatch
[Info   :ModulePatch] Enabled patch EffectsEmitGrenadePatch
[Info   :ModulePatch] Enabled patch GameWorldInitConcussionPatch
[Info   :ModulePatch] Enabled patch PlayerPoolObjectRoleModelPostfixPatch
[Info   :ModulePatch] Enabled patch RagdollStartPrefixPatch
[Info   :ModulePatch] Enabled patch RagdollStartPostfixPatch
[Info   :ModulePatch] Enabled patch PlayerRigidbodySleepHierarchyTryPutToSleepPrefixPatch
[Info   :ModulePatch] Enabled patch RagdollM1PostfixPatch
[Info   :ModulePatch] Enabled patch AttachWeaponPostfixPatch
[Info   :ModulePatch] Enabled patch LootItemIsRigidBodyDonePrefixPatch
[Info   :ModulePatch] Enabled patch PlayerOnDeadPostfixPatch
[Info   :Janky-HollywoodFX] Initialization finished
[Info   :Janky-HollywoodFX] Logging disabled
[Info   :RequestHandler] [REQUEST]: /dynamicmaps/load
[Info   :RequestHandler] [REQUEST]: /singleplayer/settings/version
[Info   :RequestHandler] [REQUEST SUCCESSFUL] /singleplayer/settings/version
[Info   :ModulePatch] Server version: SPT 4.0.13 - 2891fd
[Info   :RequestHandler] [REQUEST SUCCESSFUL] /dynamicmaps/load
[Info   : Fika.Core] Waiting for locales to be ready...
[Info   :DynamicMaps] Loaded server config
[Info   :RequestHandler] [REQUEST]: /singleplayer/clientmods
[Info   :RequestHandler] [REQUEST SUCCESSFUL] /singleplayer/clientmods
[Info   :DynamicMaps] Trying to attach to MapScreen
[Info   :DynamicMaps] Trying to load MapDef from path: C:\SPT\BepInEx\plugins\DynamicMaps\Maps\Customs_TarkovDev\Customs_TarkovDev.jsonc
[Info   :DynamicMaps] Loaded MapDef with display name: Customs (TarkovDev)
[Info   :DynamicMaps] Trying to load MapDef from path: C:\SPT\BepInEx\plugins\DynamicMaps\Maps\Factory_TarkovDev\Factory_TarkovDev.jsonc
[Info   :DynamicMaps] Loaded MapDef with display name: Factory (TarkovDev)
[Info   :DynamicMaps] Trying to load MapDef from path: C:\SPT\BepInEx\plugins\DynamicMaps\Maps\GroundZero_TarkovDev\GroundZero_TarkovDev.jsonc
[Info   :DynamicMaps] Loaded MapDef with display name: Ground Zero (TarkovDev)
[Info   :DynamicMaps] Trying to load MapDef from path: C:\SPT\BepInEx\plugins\DynamicMaps\Maps\Interchange_TarkovDev\Interchange_TarkovDev.jsonc
[Info   :DynamicMaps] Loaded MapDef with display name: Interchange (TarkovDev)
[Info   :DynamicMaps] Trying to load MapDef from path: C:\SPT\BepInEx\plugins\DynamicMaps\Maps\Labs_TarkovDev\Labs_TarkovDev.jsonc
[Info   :DynamicMaps] Loaded MapDef with display name: Labs (TarkovDev)
[Info   :DynamicMaps] Trying to load MapDef from path: C:\SPT\BepInEx\plugins\DynamicMaps\Maps\Labyrinth\Labyrinth_TarkovData.jsonc
[Info   :DynamicMaps] Loaded MapDef with display name: Labyrinth
[Info   :DynamicMaps] Trying to load MapDef from path: C:\SPT\BepInEx\plugins\DynamicMaps\Maps\Lighthouse_TarkovData\Lighthouse_TarkovData.jsonc
[Info   :DynamicMaps] Loaded MapDef with display name: Lighthouse (TarkovData)
[Info   :DynamicMaps] Trying to load MapDef from path: C:\SPT\BepInEx\plugins\DynamicMaps\Maps\Reserve_TarkovData\Reserve_TarkovData.jsonc
[Info   :DynamicMaps] Loaded MapDef with display name: Reserve (TarkovData)
[Info   :DynamicMaps] Trying to load MapDef from path: C:\SPT\BepInEx\plugins\DynamicMaps\Maps\Shoreline_TarkovData\Shoreline_TarkovData.jsonc
[Info   :DynamicMaps] Loaded MapDef with display name: Shoreline (TarkovData)
[Info   :DynamicMaps] Trying to load MapDef from path: C:\SPT\BepInEx\plugins\DynamicMaps\Maps\Streets_TarkovData\Streets_TarkovData.jsonc
[Info   :DynamicMaps] Loaded MapDef with display name: Streets of Tarkov (TarkovData)
[Info   :DynamicMaps] Trying to load MapDef from path: C:\SPT\BepInEx\plugins\DynamicMaps\Maps\Woods_TarkovData\Woods_TarkovData.jsonc
[Info   :DynamicMaps] Loaded MapDef with display name: Woods (TarkovData)
[Info   :DynamicMaps] Precaching sprite: Maps/Customs_TarkovDev/Layers/Customs-Underground_Level.svg
[Info   :DynamicMaps] Precaching sprite: Maps/Customs_TarkovDev/Layers/Customs-Ground_Level.svg
[Info   :DynamicMaps] Precaching sprite: Maps/Customs_TarkovDev/Layers/Customs-Second_Floor.svg
[Info   :DynamicMaps] Precaching sprite: Maps/Customs_TarkovDev/Layers/Customs-Third_Floor.svg
[Info   :DynamicMaps] Precaching sprite: Maps/Customs_TarkovDev/Layers/Customs-Fourth_Floor.svg
[Info   :DynamicMaps] Precaching sprite: Maps/Factory_TarkovDev/Layers/Factory-Basement.svg
[Info   :DynamicMaps] Precaching sprite: Maps/Factory_TarkovDev/Layers/Factory-Ground_Floor.svg
[Info   :DynamicMaps] Precaching sprite: Maps/Factory_TarkovDev/Layers/Factory-Second_Floor.svg
[Info   :DynamicMaps] Precaching sprite: Maps/Factory_TarkovDev/Layers/Factory-Third_Floor.svg
[Info   :DynamicMaps] Precaching sprite: Maps/GroundZero_TarkovDev/Layers/GroundZero-Underground_Level.svg
[Info   :DynamicMaps] Precaching sprite: Maps/GroundZero_TarkovDev/Layers/GroundZero-Ground_Level.svg
[Info   :DynamicMaps] Precaching sprite: Maps/GroundZero_TarkovDev/Layers/GroundZero-Second_Floor.svg
[Info   :DynamicMaps] Precaching sprite: Maps/GroundZero_TarkovDev/Layers/GroundZero-Third_Floor.svg
[Info   :DynamicMaps] Precaching sprite: Maps/Interchange_TarkovDev/Layers/Interchange-Ground_Level.svg
[Info   :DynamicMaps] Precaching sprite: Maps/Interchange_TarkovDev/Layers/Interchange-First_Floor.svg
[Info   :DynamicMaps] Precaching sprite: Maps/Interchange_TarkovDev/Layers/Interchange-Second_Floor.svg
[Info   :DynamicMaps] Precaching sprite: Maps/Labs_TarkovDev/Layers/Labs_Technical_Level.svg
[Info   :DynamicMaps] Precaching sprite: Maps/Labs_TarkovDev/Layers/Labs_First_Level.svg
[Info   :DynamicMaps] Precaching sprite: Maps/Labs_TarkovDev/Layers/Labs_Second_Level.svg
[Info   :DynamicMaps] Precaching sprite: Maps/Labyrinth/Layers/Labyrinth.svg
[Info   :DynamicMaps] Precaching sprite: Maps/Lighthouse_TarkovData/Layers/Lighthouse.svg
[Info   :DynamicMaps] Precaching sprite: Maps/Reserve_TarkovData/Layers/Reserve-Bunkers.svg
[Info   :DynamicMaps] Precaching sprite: Maps/Reserve_TarkovData/Layers/Reserve-Ground_Level.svg
[Info   :DynamicMaps] Precaching sprite: Maps/Shoreline_TarkovData/Layers/Shoreline-Underground_Level.svg
[Info   :DynamicMaps] Precaching sprite: Maps/Shoreline_TarkovData/Layers/Shoreline-Ground_Level.svg
[Info   :DynamicMaps] Precaching sprite: Maps/Shoreline_TarkovData/Layers/Shoreline-Second_Floor.svg
[Info   :DynamicMaps] Precaching sprite: Maps/Shoreline_TarkovData/Layers/Shoreline-Third_Floor.svg
[Info   :DynamicMaps] Precaching sprite: Maps/Streets_TarkovData/Layers/StreetsOfTarkov-Underground_Level.svg
[Info   :DynamicMaps] Precaching sprite: Maps/Streets_TarkovData/Layers/StreetsOfTarkov-Ground_Level.svg
[Info   :DynamicMaps] Precaching sprite: Maps/Streets_TarkovData/Layers/StreetsOfTarkov-Second_Floor.svg
[Info   :DynamicMaps] Precaching sprite: Maps/Streets_TarkovData/Layers/StreetsOfTarkov-Third_Floor.svg
[Info   :DynamicMaps] Precaching sprite: Maps/Streets_TarkovData/Layers/StreetsOfTarkov-Fourth_Floor.svg
[Info   :DynamicMaps] Precaching sprite: Maps/Streets_TarkovData/Layers/StreetsOfTarkov-Fifth_Floor.svg
[Info   :DynamicMaps] Precaching sprite: Maps/Woods_TarkovData/Layers/Woods-Underground_Level.svg
[Info   :DynamicMaps] Precaching sprite: Maps/Woods_TarkovData/Layers/Woods-Ground_Level.svg
[Info   :DynamicMaps] Precaching sprite: Maps/Woods_TarkovData/Layers/Woods-Second_Floor.svg
[Info   :RequestHandler] [REQUEST]: /botplacementsystem/load
[Info   :RequestHandler] [REQUEST]: /stattrack/load
[Info   :RequestHandler] [REQUEST]: /weaponcustomizer/load
[Info   :RequestHandler] [REQUEST SUCCESSFUL] /botplacementsystem/load
[Info   :RequestHandler] [REQUEST SUCCESSFUL] /weaponcustomizer/load
[Info   :RequestHandler] [REQUEST SUCCESSFUL] /stattrack/load
[Info   : Fika.Core] Locales are ready!
[Error  : Fika.Core] [ShowFikaMessage]: You are trying to show error screen from non-main thread!
[Info   : Fika.Core] Cached local IPs: 0.0.0.0, ::, fdfd::1aa6:fd68, 26.166.253.104, 192.168.0.199
[Info   :  SPT.Core] 1217872
[Info   :  SPT.Core] 28725584
[Info   :  SPT.Core] 0
[Info   :  SPT.Core] 0
[Info   :  SPT.Core] 0
[Info   :  SPT.Core] LmRvb3JzdG9wX3ZlcnNpb24sLmdpdGF0dHJpYnV0ZXMsYmF0Y2hfcHVzaC5zaCxDSEFOR0VMT0cudHh0LGRvb3JzdG9wX2NvbmZpZy5pbmksRXNjYXBlRnJvbVRhcmtvdi5leGUsR3JlZWQuZXhlLExJQ0VOU0UtQkVQSU5FWC50eHQsTElDRU5TRS1Db25maWd1cmF0aW9uTWFuYWdlci50eHQsTElDRU5TRS1Nb2R1bGVzLnR4dCxMSUNFTlNFLnR4dCxQYXRjaGVyLmxvZyxSRUFETUUubWQsUkVBRE1FLnR4dCxzcHQtaW5zdGFsbGVyLmxvZyxTUFQuTGF1bmNoZXIubG5rLFNQVC5TZXJ2ZXIubG5rLFVuaXR5LkludGVybmFsQVBJRW5naW5lQnJpZGdlLjAwMy5kbGwsVW5pdHlQbGF5ZXIuZGxsLHdpbmh0dHAuZGxs
[Info   :RequestHandler] [REQUEST]: /hip/load
[Info   :RequestHandler] [REQUEST]: /vagabond/sync/state
[Info   :RequestHandler] [REQUEST SUCCESSFUL] /hip/load
[Info   :RequestHandler] [REQUEST SUCCESSFUL] /vagabond/sync/state
[Error  :SwiftXP.SPT.ShowMeTheMoney.Client (v2.7.0)] An unexpected error occured. Message: Object reference not set to an instance of an object. f.l.o.s.t.:   at SwiftXP.SPT.ShowMeTheMoney.Client.Patches.SimpleTooltipShowPatch.ItemMeetsRequirements (EFT.InventoryLogic.Item item) [0x00030] in <f7e6e00ba91b46f4b457508df0c66d0c>:0 
[Info   :HandsAreNotBusy] Added HANB Component to player: Snomies
[Info   :Task Item Indicator] Task Item Indicator: found 0 PlaceItemTrigger zone(s) - . Wanted zone(s): . Wanted item(s): 
[Info   :RequestHandler] [REQUEST]: /vagabond/sync/exfils
[Info   :RequestHandler] [REQUEST SUCCESSFUL] /vagabond/sync/exfils
[Info   :RequestHandler] [REQUEST]: /vagabond/sync/exfils
[Info   :RequestHandler] [REQUEST SUCCESSFUL] /vagabond/sync/exfils
[Info   :RequestHandler] [REQUEST]: /vagabond/sync/exfils
[Info   :RequestHandler] [REQUEST SUCCESSFUL] /vagabond/sync/exfils
[Info   :RequestHandler] [REQUEST]: /vagabond/sync/exfils
[Info   :RequestHandler] [REQUEST SUCCESSFUL] /vagabond/sync/exfils
[Info   :RequestHandler] [REQUEST]: /vagabond/sync/exfils
[Info   :RequestHandler] [REQUEST SUCCESSFUL] /vagabond/sync/exfils
[Info   :RequestHandler] [REQUEST]: /vagabond/sync/exfils
[Info   :RequestHandler] [REQUEST SUCCESSFUL] /vagabond/sync/exfils
[Info   :RequestHandler] [REQUEST]: /vagabond/sync/exfils
[Info   :RequestHandler] [REQUEST SUCCESSFUL] /vagabond/sync/exfils
[Info   :RequestHandler] [REQUEST]: /vagabond/sync/exfils
[Info   :RequestHandler] [REQUEST SUCCESSFUL] /vagabond/sync/exfils
[Info   :RequestHandler] [REQUEST]: /vagabond/sync/exfils
[Info   :RequestHandler] [REQUEST SUCCESSFUL] /vagabond/sync/exfils
[Info   :RequestHandler] [REQUEST]: /vagabond/sync/exfils
[Info   :RequestHandler] [REQUEST SUCCESSFUL] /vagabond/sync/exfils
[Info   :RequestHandler] [REQUEST]: /vagabond/sync/exfils
[Info   :RequestHandler] [REQUEST SUCCESSFUL] /vagabond/sync/exfils
[Info   :RequestHandler] [REQUEST]: /vagabond/sync/exfils
[Info   :RequestHandler] [REQUEST SUCCESSFUL] /vagabond/sync/exfils
[Info   :RequestHandler] [REQUEST]: /vagabond/sync/exfils
[Info   :RequestHandler] [REQUEST SUCCESSFUL] /vagabond/sync/exfils
[Info   :RequestHandler] [REQUEST]: /vagabond/sync/exfils
[Info   :RequestHandler] [REQUEST SUCCESSFUL] /vagabond/sync/exfils
[Info   :RequestHandler] [REQUEST]: /vagabond/sync/exfils
[Info   :RequestHandler] [REQUEST SUCCESSFUL] /vagabond/sync/exfils
[Info   :RequestHandler] [REQUEST]: /vagabond/sync/exfils
[Info   :RequestHandler] [REQUEST SUCCESSFUL] /vagabond/sync/exfils
[Info   :RequestHandler] [REQUEST]: /vagabond/sync/exfils
[Info   :RequestHandler] [REQUEST SUCCESSFUL] /vagabond/sync/exfils
[Info   :RequestHandler] [REQUEST]: /vagabond/sync/exfils
[Info   :RequestHandler] [REQUEST SUCCESSFUL] /vagabond/sync/exfils
[Info   :RequestHandler] [REQUEST]: /vagabond/sync/exfils
[Info   :RequestHandler] [REQUEST SUCCESSFUL] /vagabond/sync/exfils
[Info   :RequestHandler] [REQUEST]: /vagabond/sync/exfils
[Info   :RequestHandler] [REQUEST SUCCESSFUL] /vagabond/sync/exfils
[Info   :RequestHandler] [REQUEST]: /vagabond/sync/exfils
[Info   :RequestHandler] [REQUEST SUCCESSFUL] /vagabond/sync/exfils
[Info   :RequestHandler] [REQUEST]: /vagabond/sync/exfils
[Info   :RequestHandler] [REQUEST SUCCESSFUL] /vagabond/sync/exfils
[Info   :RequestHandler] [REQUEST]: /vagabond/sync/exfils
[Info   :RequestHandler] [REQUEST SUCCESSFUL] /vagabond/sync/exfils
[Info   :RequestHandler] [REQUEST]: /vagabond/sync/exfils
[Info   :RequestHandler] [REQUEST SUCCESSFUL] /vagabond/sync/exfils
[Info   :RequestHandler] [REQUEST]: /vagabond/sync/exfils
[Info   :RequestHandler] [REQUEST SUCCESSFUL] /vagabond/sync/exfils
[Info   :RequestHandler] [REQUEST]: /vagabond/sync/exfils
[Info   :RequestHandler] [REQUEST SUCCESSFUL] /vagabond/sync/exfils
[Info   :RequestHandler] [REQUEST]: /vagabond/sync/exfils
[Info   :RequestHandler] [REQUEST SUCCESSFUL] /vagabond/sync/exfils
[Info   :RequestHandler] [REQUEST]: /vagabond/sync/exfils
[Info   :RequestHandler] [REQUEST SUCCESSFUL] /vagabond/sync/exfils
[Info   :RequestHandler] [REQUEST]: /vagabond/sync/exfils
[Info   :RequestHandler] [REQUEST SUCCESSFUL] /vagabond/sync/exfils
[Info   :RequestHandler] [REQUEST]: /vagabond/sync/exfils
[Info   :RequestHandler] [REQUEST SUCCESSFUL] /vagabond/sync/exfils
[Info   :RequestHandler] [REQUEST]: /vagabond/sync/exfils
[Info   :RequestHandler] [REQUEST SUCCESSFUL] /vagabond/sync/exfils
[Info   :RequestHandler] [REQUEST]: /vagabond/sync/exfils
[Info   :RequestHandler] [REQUEST SUCCESSFUL] /vagabond/sync/exfils
[Info   :RequestHandler] [REQUEST]: /vagabond/sync/exfils
[Info   :RequestHandler] [REQUEST SUCCESSFUL] /vagabond/sync/exfils
[Info   :RequestHandler] [REQUEST]: /vagabond/sync/exfils
[Info   :RequestHandler] [REQUEST SUCCESSFUL] /vagabond/sync/exfils
[Info   :RequestHandler] [REQUEST]: /vagabond/sync/exfils
[Info   :RequestHandler] [REQUEST SUCCESSFUL] /vagabond/sync/exfils
[Info   :RequestHandler] [REQUEST]: /vagabond/sync/exfils
[Info   :RequestHandler] [REQUEST SUCCESSFUL] /vagabond/sync/exfils
[Info   :RequestHandler] [REQUEST]: /vagabond/sync/exfils
[Info   :RequestHandler] [REQUEST SUCCESSFUL] /vagabond/sync/exfils
[Info   :RequestHandler] [REQUEST]: /vagabond/sync/exfils
[Info   :RequestHandler] [REQUEST SUCCESSFUL] /vagabond/sync/exfils
[Info   :RequestHandler] [REQUEST]: /vagabond/sync/exfils
[Info   :RequestHandler] [REQUEST SUCCESSFUL] /vagabond/sync/exfils
[Info   :RequestHandler] [REQUEST]: /vagabond/sync/exfils
[Info   :RequestHandler] [REQUEST SUCCESSFUL] /vagabond/sync/exfils
[Info   :RequestHandler] [REQUEST]: /vagabond/sync/exfils
[Info   :RequestHandler] [REQUEST SUCCESSFUL] /vagabond/sync/exfils
[Info   :RequestHandler] [REQUEST]: /vagabond/sync/exfils
[Info   :RequestHandler] [REQUEST SUCCESSFUL] /vagabond/sync/exfils
[Info   :RequestHandler] [REQUEST]: /vagabond/sync/exfils
[Info   :RequestHandler] [REQUEST SUCCESSFUL] /vagabond/sync/exfils
[Info   :RequestHandler] [REQUEST]: /vagabond/sync/exfils
[Info   :RequestHandler] [REQUEST SUCCESSFUL] /vagabond/sync/exfils
[Info   :RequestHandler] [REQUEST]: /vagabond/sync/exfils
[Info   :RequestHandler] [REQUEST SUCCESSFUL] /vagabond/sync/exfils
[Info   :RequestHandler] [REQUEST]: /vagabond/sync/exfils
[Info   :RequestHandler] [REQUEST SUCCESSFUL] /vagabond/sync/exfils
[Info   :RequestHandler] [REQUEST]: /vagabond/sync/exfils
[Info   :RequestHandler] [REQUEST SUCCESSFUL] /vagabond/sync/exfils
[Info   :RequestHandler] [REQUEST]: /vagabond/sync/exfils
[Info   :RequestHandler] [REQUEST SUCCESSFUL] /vagabond/sync/exfils
[Info   :RequestHandler] [REQUEST]: /vagabond/sync/exfils
[Info   :RequestHandler] [REQUEST SUCCESSFUL] /vagabond/sync/exfils
[Info   :RequestHandler] [REQUEST]: /vagabond/sync/exfils
[Info   :RequestHandler] [REQUEST SUCCESSFUL] /vagabond/sync/exfils
[Info   :RequestHandler] [REQUEST]: /vagabond/sync/exfils
[Info   :RequestHandler] [REQUEST SUCCESSFUL] /vagabond/sync/exfils
[Info   :RequestHandler] [REQUEST]: /vagabond/sync/exfils
[Info   :RequestHandler] [REQUEST SUCCESSFUL] /vagabond/sync/exfils
[Info   :RequestHandler] [REQUEST]: /vagabond/sync/exfils
[Info   :RequestHandler] [REQUEST SUCCESSFUL] /vagabond/sync/exfils
[Info   :RequestHandler] [REQUEST]: /vagabond/sync/exfils
[Info   :RequestHandler] [REQUEST SUCCESSFUL] /vagabond/sync/exfils
[Info   :RequestHandler] [REQUEST]: /vagabond/sync/exfils
[Info   :RequestHandler] [REQUEST SUCCESSFUL] /vagabond/sync/exfils
[Info   :RequestHandler] [REQUEST]: /vagabond/sync/exfils
[Info   :RequestHandler] [REQUEST SUCCESSFUL] /vagabond/sync/exfils
[Info   :RequestHandler] [REQUEST]: /vagabond/sync/exfils
[Info   :RequestHandler] [REQUEST SUCCESSFUL] /vagabond/sync/exfils
[Info   :RequestHandler] [REQUEST]: /vagabond/sync/exfils
[Info   :RequestHandler] [REQUEST SUCCESSFUL] /vagabond/sync/exfils
[Info   :RequestHandler] [REQUEST]: /vagabond/sync/exfils
[Info   :RequestHandler] [REQUEST SUCCESSFUL] /vagabond/sync/exfils
[Info   :RequestHandler] [REQUEST]: /vagabond/sync/exfils
[Info   :RequestHandler] [REQUEST SUCCESSFUL] /vagabond/sync/exfils
[Info   :RequestHandler] [REQUEST]: /vagabond/sync/exfils
[Info   :RequestHandler] [REQUEST SUCCESSFUL] /vagabond/sync/exfils
[Info   :RequestHandler] [REQUEST]: /vagabond/sync/exfils
[Info   :RequestHandler] [REQUEST SUCCESSFUL] /vagabond/sync/exfils
[Info   :RequestHandler] [REQUEST]: /vagabond/sync/exfils
[Info   :RequestHandler] [REQUEST SUCCESSFUL] /vagabond/sync/exfils
[Info   :RequestHandler] [REQUEST]: /vagabond/sync/exfils
[Info   :RequestHandler] [REQUEST SUCCESSFUL] /vagabond/sync/exfils
[Info   :RequestHandler] [REQUEST]: /vagabond/sync/exfils
[Info   :RequestHandler] [REQUEST SUCCESSFUL] /vagabond/sync/exfils
[Info   :RequestHandler] [REQUEST]: /vagabond/sync/exfils
[Info   :RequestHandler] [REQUEST SUCCESSFUL] /vagabond/sync/exfils
[Info   :RequestHandler] [REQUEST]: /vagabond/sync/exfils
[Info   :RequestHandler] [REQUEST SUCCESSFUL] /vagabond/sync/exfils
[Info   :RequestHandler] [REQUEST]: /vagabond/sync/exfils
[Info   :RequestHandler] [REQUEST SUCCESSFUL] /vagabond/sync/exfils
[Info   :RequestHandler] [REQUEST]: /vagabond/sync/exfils
[Info   :RequestHandler] [REQUEST SUCCESSFUL] /vagabond/sync/exfils
[Info   :RequestHandler] [REQUEST]: /vagabond/sync/exfils
[Info   :RequestHandler] [REQUEST SUCCESSFUL] /vagabond/sync/exfils
[Info   :RequestHandler] [REQUEST]: /vagabond/sync/exfils
[Info   :RequestHandler] [REQUEST SUCCESSFUL] /vagabond/sync/exfils
[Info   :RequestHandler] [REQUEST]: /vagabond/sync/exfils
[Info   :RequestHandler] [REQUEST SUCCESSFUL] /vagabond/sync/exfils
[Info   :RequestHandler] [REQUEST]: /vagabond/sync/exfils
[Info   :RequestHandler] [REQUEST SUCCESSFUL] /vagabond/sync/exfils
[Info   :RequestHandler] [REQUEST]: /vagabond/sync/exfils
[Info   :RequestHandler] [REQUEST SUCCESSFUL] /vagabond/sync/exfils
[Info   :RequestHandler] [REQUEST]: /vagabond/sync/exfils
[Info   :RequestHandler] [REQUEST SUCCESSFUL] /vagabond/sync/exfils
[Info   :RequestHandler] [REQUEST]: /vagabond/sync/exfils
[Info   :RequestHandler] [REQUEST SUCCESSFUL] /vagabond/sync/exfils
[Info   :RequestHandler] [REQUEST]: /vagabond/sync/exfils
[Info   :RequestHandler] [REQUEST SUCCESSFUL] /vagabond/sync/exfils
[Info   :RequestHandler] [REQUEST]: /vagabond/sync/exfils
[Info   :RequestHandler] [REQUEST SUCCESSFUL] /vagabond/sync/exfils
[Info   :RequestHandler] [REQUEST]: /vagabond/sync/exfils
[Info   :RequestHandler] [REQUEST SUCCESSFUL] /vagabond/sync/exfils
[Info   :RequestHandler] [REQUEST]: /vagabond/sync/exfils
[Info   :RequestHandler] [REQUEST SUCCESSFUL] /vagabond/sync/exfils
[Info   :RequestHandler] [REQUEST]: /vagabond/sync/exfils
[Info   :RequestHandler] [REQUEST SUCCESSFUL] /vagabond/sync/exfils
[Info   :RequestHandler] [REQUEST]: /vagabond/sync/exfils
[Info   :RequestHandler] [REQUEST SUCCESSFUL] /vagabond/sync/exfils
[Info   :RequestHandler] [REQUEST]: /vagabond/sync/exfils
[Info   :RequestHandler] [REQUEST SUCCESSFUL] /vagabond/sync/exfils
[Info   :RequestHandler] [REQUEST]: /vagabond/sync/exfils
[Info   :RequestHandler] [REQUEST SUCCESSFUL] /vagabond/sync/exfils
[Info   :RequestHandler] [REQUEST]: /vagabond/sync/exfils
[Info   :RequestHandler] [REQUEST SUCCESSFUL] /vagabond/sync/exfils
[Info   :RequestHandler] [REQUEST]: /vagabond/sync/exfils
[Info   :RequestHandler] [REQUEST SUCCESSFUL] /vagabond/sync/exfils
[Info   :RequestHandler] [REQUEST]: /vagabond/sync/exfils
[Info   :RequestHandler] [REQUEST SUCCESSFUL] /vagabond/sync/exfils
[Info   :RequestHandler] [REQUEST]: /vagabond/sync/exfils
[Info   :RequestHandler] [REQUEST SUCCESSFUL] /vagabond/sync/exfils
[Info   :RequestHandler] [REQUEST]: /vagabond/sync/exfils
[Info   :RequestHandler] [REQUEST SUCCESSFUL] /vagabond/sync/exfils
[Info   :RequestHandler] [REQUEST]: /vagabond/sync/exfils
[Info   :RequestHandler] [REQUEST SUCCESSFUL] /vagabond/sync/exfils
[Info   :RequestHandler] [REQUEST]: /vagabond/sync/exfils
[Info   :RequestHandler] [REQUEST SUCCESSFUL] /vagabond/sync/exfils
[Info   :RequestHandler] [REQUEST]: /vagabond/sync/exfils
[Info   :RequestHandler] [REQUEST SUCCESSFUL] /vagabond/sync/exfils
[Info   :RequestHandler] [REQUEST]: /vagabond/sync/exfils
[Info   :RequestHandler] [REQUEST SUCCESSFUL] /vagabond/sync/exfils
[Info   :RequestHandler] [REQUEST]: /vagabond/sync/exfils
[Info   :RequestHandler] [REQUEST SUCCESSFUL] /vagabond/sync/exfils
[Info   :RequestHandler] [REQUEST]: /vagabond/sync/exfils
[Info   :RequestHandler] [REQUEST SUCCESSFUL] /vagabond/sync/exfils
[Info   :RequestHandler] [REQUEST]: /vagabond/sync/exfils
[Info   :RequestHandler] [REQUEST SUCCESSFUL] /vagabond/sync/exfils
[Info   :RequestHandler] [REQUEST]: /vagabond/sync/exfils
[Info   :RequestHandler] [REQUEST SUCCESSFUL] /vagabond/sync/exfils
[Info   :RequestHandler] [REQUEST]: /vagabond/sync/exfils
[Info   :RequestHandler] [REQUEST SUCCESSFUL] /vagabond/sync/exfils
[Info   :RequestHandler] [REQUEST]: /vagabond/sync/exfils
[Info   :RequestHandler] [REQUEST SUCCESSFUL] /vagabond/sync/exfils
[Info   :RequestHandler] [REQUEST]: /vagabond/sync/exfils
[Info   :RequestHandler] [REQUEST SUCCESSFUL] /vagabond/sync/exfils
[Info   :RequestHandler] [REQUEST]: /vagabond/sync/exfils
[Info   :RequestHandler] [REQUEST SUCCESSFUL] /vagabond/sync/exfils
[Info   :RequestHandler] [REQUEST]: /vagabond/sync/exfils
[Info   :RequestHandler] [REQUEST SUCCESSFUL] /vagabond/sync/exfils
[Info   :RequestHandler] [REQUEST]: /vagabond/sync/exfils
[Info   :RequestHandler] [REQUEST SUCCESSFUL] /vagabond/sync/exfils
[Info   :RequestHandler] [REQUEST]: /vagabond/sync/exfils
[Info   :RequestHandler] [REQUEST SUCCESSFUL] /vagabond/sync/exfils
[Info   :RequestHandler] [REQUEST]: /vagabond/sync/exfils
[Info   :RequestHandler] [REQUEST SUCCESSFUL] /vagabond/sync/exfils
[Info   :RequestHandler] [REQUEST]: /vagabond/sync/exfils
[Info   :RequestHandler] [REQUEST SUCCESSFUL] /vagabond/sync/exfils
[Info   :RequestHandler] [REQUEST]: /vagabond/sync/exfils
[Info   :RequestHandler] [REQUEST SUCCESSFUL] /vagabond/sync/exfils
[Info   :RequestHandler] [REQUEST]: /vagabond/sync/exfils
[Info   :RequestHandler] [REQUEST SUCCESSFUL] /vagabond/sync/exfils
[Info   :RequestHandler] [REQUEST]: /vagabond/sync/exfils
[Info   :RequestHandler] [REQUEST SUCCESSFUL] /vagabond/sync/exfils
[Info   :RequestHandler] [REQUEST]: /vagabond/sync/exfils
[Info   :RequestHandler] [REQUEST SUCCESSFUL] /vagabond/sync/exfils
[Info   :RequestHandler] [REQUEST]: /vagabond/sync/exfils
[Info   :RequestHandler] [REQUEST SUCCESSFUL] /vagabond/sync/exfils
[Info   :RequestHandler] [REQUEST]: /vagabond/sync/exfils
[Info   :RequestHandler] [REQUEST SUCCESSFUL] /vagabond/sync/exfils
[Info   :RequestHandler] [REQUEST]: /vagabond/sync/exfils
[Info   :RequestHandler] [REQUEST SUCCESSFUL] /vagabond/sync/exfils
[Info   :RequestHandler] [REQUEST]: /vagabond/sync/exfils
[Info   :RequestHandler] [REQUEST SUCCESSFUL] /vagabond/sync/exfils
[Info   :RequestHandler] [REQUEST]: /vagabond/sync/exfils
[Info   :RequestHandler] [REQUEST SUCCESSFUL] /vagabond/sync/exfils
[Info   :RequestHandler] [REQUEST]: /vagabond/sync/exfils
[Info   :RequestHandler] [REQUEST SUCCESSFUL] /vagabond/sync/exfils
[Info   :RequestHandler] [REQUEST]: /vagabond/sync/exfils
[Info   :RequestHandler] [REQUEST SUCCESSFUL] /vagabond/sync/exfils
[Info   :RequestHandler] [REQUEST]: /vagabond/sync/exfils
[Info   :RequestHandler] [REQUEST SUCCESSFUL] /vagabond/sync/exfils
[Info   :RequestHandler] [REQUEST]: /vagabond/sync/exfils
[Info   :RequestHandler] [REQUEST SUCCESSFUL] /vagabond/sync/exfils
[Info   :RequestHandler] [REQUEST]: /vagabond/sync/exfils
[Info   :RequestHandler] [REQUEST SUCCESSFUL] /vagabond/sync/exfils
[Info   :RequestHandler] [REQUEST]: /vagabond/sync/exfils
[Info   :RequestHandler] [REQUEST SUCCESSFUL] /vagabond/sync/exfils
[Info   :RequestHandler] [REQUEST]: /vagabond/sync/exfils
[Info   :RequestHandler] [REQUEST SUCCESSFUL] /vagabond/sync/exfils
[Info   :RequestHandler] [REQUEST]: /vagabond/sync/exfils
[Info   :RequestHandler] [REQUEST SUCCESSFUL] /vagabond/sync/exfils
[Info   :RequestHandler] [REQUEST]: /vagabond/sync/exfils
[Info   :RequestHandler] [REQUEST SUCCESSFUL] /vagabond/sync/exfils
[Info   :RequestHandler] [REQUEST]: /vagabond/sync/exfils
[Info   :RequestHandler] [REQUEST SUCCESSFUL] /vagabond/sync/exfils
[Info   :RequestHandler] [REQUEST]: /vagabond/sync/exfils
[Info   :RequestHandler] [REQUEST SUCCESSFUL] /vagabond/sync/exfils
[Info   :RequestHandler] [REQUEST]: /vagabond/sync/exfils
[Info   :RequestHandler] [REQUEST SUCCESSFUL] /vagabond/sync/exfils
[Info   :RequestHandler] [REQUEST]: /vagabond/sync/exfils
[Info   :RequestHandler] [REQUEST SUCCESSFUL] /vagabond/sync/exfils
[Info   :RequestHandler] [REQUEST]: /vagabond/sync/exfils
[Info   :RequestHandler] [REQUEST SUCCESSFUL] /vagabond/sync/exfils
[Info   :RequestHandler] [REQUEST]: /vagabond/sync/state
[Info   :RequestHandler] [REQUEST SUCCESSFUL] /vagabond/sync/state
[Info   :RequestHandler] [REQUEST]: /vagabond/sync/exfils
[Info   :RequestHandler] [REQUEST SUCCESSFUL] /vagabond/sync/exfils
[Info   :RequestHandler] [REQUEST]: /vagabond/sync/exfils
[Info   :RequestHandler] [REQUEST SUCCESSFUL] /vagabond/sync/exfils
[Info   :RequestHandler] [REQUEST]: /vagabond/sync/exfils
[Info   :RequestHandler] [REQUEST SUCCESSFUL] /vagabond/sync/exfils
[Info   :RequestHandler] [REQUEST]: /vagabond/sync/exfils
[Info   :RequestHandler] [REQUEST SUCCESSFUL] /vagabond/sync/exfils
[Info   :RequestHandler] [REQUEST]: /vagabond/sync/exfils
[Info   :RequestHandler] [REQUEST SUCCESSFUL] /vagabond/sync/exfils
[Info   :RequestHandler] [REQUEST]: /vagabond/sync/exfils
[Info   :RequestHandler] [REQUEST SUCCESSFUL] /vagabond/sync/exfils
[Info   :RequestHandler] [REQUEST]: /vagabond/sync/exfils
[Info   :RequestHandler] [REQUEST SUCCESSFUL] /vagabond/sync/exfils
[Info   :RequestHandler] [REQUEST]: /singleplayer/settings/raid/menu
[Info   :RequestHandler] [REQUEST SUCCESSFUL] /singleplayer/settings/raid/menu
[Info   :RequestHandler] [REQUEST]: /vagabond/sync/exfils
[Info   :RequestHandler] [REQUEST SUCCESSFUL] /vagabond/sync/exfils
[Info   :NetManagerUtils] FikaGameObject has been created!
[Info   :NetManagerUtils] FikaServer has created!
[Info   :Fika.Server] Starting server with SendRate: 20
[Info   :NetManagerUtils] Creating CoopHandler...
[Info   :Fika.Server] Started Fika Server
[Info   :     ORBIT] Disposing ORBIT static + long-lived state
[Info   :     ORBIT] Dispose complete
[Info   :RequestHandler] [REQUEST]: /stattrack/save
[Info   :RequestHandler] [REQUEST SUCCESSFUL] /stattrack/save
[Info   :RequestHandler] [REQUEST]: /singleplayer/settings/getRaidTime
[Info   :RequestHandler] [REQUEST SUCCESSFUL] /singleplayer/settings/getRaidTime
[Info   :  Blackout] [BlackoutFika] raid started, this client is HOST, headless host: False
[Info   :  Blackout] [BlackoutFika] packets registered as HOST - this raid IS synced
[Info   :  CoopGame] Creating CoopHandler
[Info   :  CoopGame] Initializing Exfils: Id Sandbox, Exits: 7, SecretExits: 1
[Info   :  Vagabond] [Vagabond] RefreshVagabondStateBlocking
[Info   :RequestHandler] [REQUEST]: /vagabond/sync/state
[Info   :RequestHandler] [REQUEST SUCCESSFUL] /vagabond/sync/state
[Info   :  Vagabond] [Vagabond] RefreshExfilStateBlocking
[Info   :RequestHandler] [REQUEST]: /vagabond/sync/exfils
[Info   :RequestHandler] [REQUEST SUCCESSFUL] /vagabond/sync/exfils
[Info   :  Vagabond] [Vagabond] Configured extract clone 'VGB_EXT_THERAPIST' (player entry='<null>', enabled=True, activeInHierarchy=True, isActiveAndEnabled=True) with EligibleEntryPoints=[east, west]
[Info   :  Vagabond] [Vagabond] Added custom extract 'Therapist's Clinic' (identifier 'VGB_EXT_THERAPIST') using template 'Unity_free_exit'.
[Info   :  Vagabond] [Vagabond] Configured extract clone 'VGB_EXT_V-Ex_GZ' (player entry='<null>', enabled=True, activeInHierarchy=True, isActiveAndEnabled=True) with EligibleEntryPoints=[east, west]
[Info   :  Vagabond] [Vagabond] Added custom extract 'Vehicle Extract' (identifier 'VGB_EXT_V-Ex_GZ') using template 'Unity_free_exit'.
[Info   :  Vagabond] [Vagabond] Transit controller is null on GroundZero; cannot place custom transit points, retrying...
[Info   :  CoopGame] Location: Sandbox
[Info   : Fika.Core] [Create]: Using strict inventory sync
[Info   :HandsAreNotBusy] Added HANB Component to player: Snomies
[Info   :Continuous Load Ammo] Added LoadAmmoComponent to player: Snomies
[Info   :Task Item Indicator] Task Item Indicator: found 9 PlaceItemTrigger zone(s) - zone_nakatoimi, quest_terminal_camera_3, Mark_transits_sandbox, zone_computer, quest_terminal_camera_1, nt2024_5_throtil_epicentr, quest_terminal_camera_4, quest_terminal_camera_2, zone_six_chair. Wanted zone(s): . Wanted item(s): 5937ee6486f77408994ba448, 593965cf86f774087a77e1b6, 5d3ec50586f774183a607442
[Info   :RequestHandler] [REQUEST]: /vagabond/sync/exfils
[Info   :  Vagabond] [Vagabond] Added custom transit 'GroundZero' (identifier 'VGB_GZ_IC') to 'Interchange'.
[Info   :NetManagerUtils] Setting up game variables...
[Info   :  CoopGame] Adding debug component...
[Info   :  CoopGame] Local player created
[Info   :HostGameController] Starting task to wait for host to start the raid.
[Info   :RequestHandler] [REQUEST SUCCESSFUL] /vagabond/sync/exfils
[Info   :RequestHandler] [REQUEST]: /vagabond/sync/exfils
[Info   :RequestHandler] [REQUEST SUCCESSFUL] /vagabond/sync/exfils
[Info   :RequestHandler] [REQUEST]: /vagabond/sync/exfils
[Info   :RequestHandler] [REQUEST SUCCESSFUL] /vagabond/sync/exfils
[Info   :RequestHandler] [REQUEST]: /vagabond/sync/exfils
[Info   :RequestHandler] [REQUEST SUCCESSFUL] /vagabond/sync/exfils
[Info   :RequestHandler] [REQUEST]: /vagabond/sync/exfils
[Info   :RequestHandler] [REQUEST SUCCESSFUL] /vagabond/sync/exfils
[Info   :RequestHandler] [REQUEST]: /vagabond/sync/exfils
[Info   :RequestHandler] [REQUEST SUCCESSFUL] /vagabond/sync/exfils
[Info   :RequestHandler] [REQUEST]: /vagabond/sync/exfils
[Info   :RequestHandler] [REQUEST SUCCESSFUL] /vagabond/sync/exfils
[Info   :RequestHandler] [REQUEST]: /vagabond/sync/exfils
[Info   :RequestHandler] [REQUEST SUCCESSFUL] /vagabond/sync/exfils
[Info   :RequestHandler] [REQUEST]: /vagabond/sync/exfils
[Info   :RequestHandler] [REQUEST SUCCESSFUL] /vagabond/sync/exfils
[Info   :RequestHandler] [REQUEST]: /vagabond/sync/exfils
[Info   :RequestHandler] [REQUEST SUCCESSFUL] /vagabond/sync/exfils
[Info   :RequestHandler] [REQUEST]: /vagabond/sync/exfils
[Info   :RequestHandler] [REQUEST SUCCESSFUL] /vagabond/sync/exfils
[Info   :RequestHandler] [REQUEST]: /vagabond/sync/exfils
[Info   :RequestHandler] [REQUEST SUCCESSFUL] /vagabond/sync/exfils
[Info   :RequestHandler] [REQUEST]: /vagabond/sync/exfils
[Info   :RequestHandler] [REQUEST SUCCESSFUL] /vagabond/sync/exfils
[Info   :RequestHandler] [REQUEST]: /vagabond/sync/exfils
[Info   :RequestHandler] [REQUEST SUCCESSFUL] /vagabond/sync/exfils
[Info   :RequestHandler] [REQUEST]: /vagabond/sync/exfils
[Info   :RequestHandler] [REQUEST SUCCESSFUL] /vagabond/sync/exfils
[Info   :RequestHandler] [REQUEST]: /vagabond/sync/exfils
[Info   :RequestHandler] [REQUEST SUCCESSFUL] /vagabond/sync/exfils
[Info   :RequestHandler] [REQUEST]: /vagabond/sync/exfils
[Info   :RequestHandler] [REQUEST SUCCESSFUL] /vagabond/sync/exfils
[Info   :RequestHandler] [REQUEST]: /vagabond/sync/exfils
[Info   :RequestHandler] [REQUEST SUCCESSFUL] /vagabond/sync/exfils
[Info   :RequestHandler] [REQUEST]: /vagabond/sync/exfils
[Info   :RequestHandler] [REQUEST SUCCESSFUL] /vagabond/sync/exfils
[Info   :RequestHandler] [REQUEST]: /vagabond/sync/exfils
[Info   :RequestHandler] [REQUEST SUCCESSFUL] /vagabond/sync/exfils
[Info   :RequestHandler] [REQUEST]: /vagabond/sync/exfils
[Info   :RequestHandler] [REQUEST SUCCESSFUL] /vagabond/sync/exfils
[Info   :RequestHandler] [REQUEST]: /vagabond/sync/exfils
[Info   :RequestHandler] [REQUEST SUCCESSFUL] /vagabond/sync/exfils
[Info   :RequestHandler] [REQUEST]: /vagabond/sync/exfils
[Info   :RequestHandler] [REQUEST SUCCESSFUL] /vagabond/sync/exfils
[Info   :RequestHandler] [REQUEST]: /vagabond/sync/exfils
[Info   :RequestHandler] [REQUEST SUCCESSFUL] /vagabond/sync/exfils
[Info   :RequestHandler] [REQUEST]: /vagabond/sync/exfils
[Info   :RequestHandler] [REQUEST SUCCESSFUL] /vagabond/sync/exfils
[Info   :RequestHandler] [REQUEST]: /vagabond/sync/exfils
[Info   :RequestHandler] [REQUEST SUCCESSFUL] /vagabond/sync/exfils
[Info   :HostGameController] Raid has been started...
[Info   :RequestHandler] [REQUEST]: /vagabond/sync/exfils
[Info   :RequestHandler] [REQUEST SUCCESSFUL] /vagabond/sync/exfils
[Info   :RequestHandler] [REQUEST]: /vagabond/sync/exfils
[Info   :RequestHandler] [REQUEST SUCCESSFUL] /vagabond/sync/exfils
[Info   :HostGameController] Generating and initializing weather...
[Info   :HostGameController] Setting Season to: Summer
[Info   :RequestHandler] [REQUEST]: /singleplayer/settings/bot/maxCap/Sandbox
[Info   :RequestHandler] [REQUEST SUCCESSFUL] /singleplayer/settings/bot/maxCap/Sandbox
[Info   :ModulePatch] Set max bot cap for: Sandbox from: 36 to: 16
[Info   :acidphantasm-botplacementsystem] [ABPS] Setting max bots to 16 on sandbox
[Info   : Fika.Core] [CoreSettings]: Retrieving Core settings
[Info   :MoreBotsAPI] BotsController initialized, initializing Managers...
[Info   :RequestHandler] [REQUEST]: /morebotsapi/getfactions
[Info   :RequestHandler] [REQUEST SUCCESSFUL] /morebotsapi/getfactions
[Info   :MoreBotsAPI] [MOREBOTSAPI] Loading factions from server...
[Info   :RequestHandler] [REQUEST]: /morebotsapi/getrevenges
[Info   :RequestHandler] [REQUEST SUCCESSFUL] /morebotsapi/getrevenges
[Info   :MoreBotsAPI] [MOREBOTSAPI] Loading faction raid revenges from server...
[Info   :HostGameController] All players are loaded, continuing...
[Info   :HostGameController] Running old spawn system. Waves: 5
[Info   :RequestHandler] [REQUEST]: /vagabond/sync/exfils
[Info   :RequestHandler] [REQUEST SUCCESSFUL] /vagabond/sync/exfils
[Info   :RequestHandler] [REQUEST]: /singleplayer/scav/traitorscavhostile
[Info   :RequestHandler] [REQUEST SUCCESSFUL] /singleplayer/scav/traitorscavhostile
[Info   :HostGameController] Running new spawn system.
[Info   :HostGameController] MatchingType: Host, Raid Code: QKTQ1H
[Info   :RequestHandler] [REQUEST]: /vagabond/sync/exfils
[Info   :RequestHandler] [REQUEST SUCCESSFUL] /vagabond/sync/exfils
[Info   :RequestHandler] [REQUEST]: /vagabond/sync/exfils
[Info   :RequestHandler] [REQUEST SUCCESSFUL] /vagabond/sync/exfils
[Info   :RequestHandler] [REQUEST]: /vagabond/sync/exfils
[Info   :RequestHandler] [REQUEST SUCCESSFUL] /vagabond/sync/exfils
[Info   :RequestHandler] [REQUEST]: /vagabond/sync/exfils
[Info   :RequestHandler] [REQUEST SUCCESSFUL] /vagabond/sync/exfils
[Info   :DynamicMaps] Trying to attach peek component to BattleUI
[Info   :HostGameController] [SERVER] SpawnPoint: VGB_FORCED_SPAWN_Sandbox_8a478f38-07d3-4e3d-8322-d2f1f6137aff, InfiltrationPoint: east
[Info   :ZoneDebugComponent] ZoneDebugComponent enabled
[Info   :Female PMC Voice] [Breath] Raid started; spawn-settle window begins.
[Info   :RequestHandler] [REQUEST]: /wttcommonlib/zones/get
[Info   :RequestHandler] [REQUEST SUCCESSFUL] /wttcommonlib/zones/get
[Info   :Player Lives] Raid started, setting lives to 3
[Info   :tarkin.ladders.bep] Successfully loaded ladders scene Sandbox_Ladders
[Info   :RequestHandler] [REQUEST]: /singleplayer/settings/bot/getBotBehaviours/
[Info   :RequestHandler] [REQUEST SUCCESSFUL] /singleplayer/settings/bot/getBotBehaviours/
[Info   :ModulePatch] Cached ai brain weights in client
[Warning:ModulePatch] Updated spt bot Saryn: pmcUSEC to use: pmcUSEC brain
[Warning:ModulePatch] Updated spt bot Oraceon: pmcBEAR to use: pmcBEAR brain
[Warning:ModulePatch] Updated spt bot Ilhsiek: pmcBEAR to use: pmcBEAR brain
[Warning:ModulePatch] Updated spt bot JustAShepard: pmcUSEC to use: pmcUSEC brain
[Warning:ModulePatch] Updated spt bot Gleneth: pmcBEAR to use: pmcBEAR brain
[Warning:ModulePatch] Updated spt bot CreamCheese: pmcBEAR to use: pmcBEAR brain
[Warning:ModulePatch] Updated spt bot tyvas: pmcBEAR to use: pmcBEAR brain
[Info   :ModulePatch] Updated assault bot Прокопий Конфликтный to use: assault brain
[Info   :ModulePatch] Updated assault bot Мелентий Кацман to use: assault brain
[Info   :ModulePatch] Updated assault bot Алекс Фургон to use: assault brain
[Info   :DynamicMaps] MapScreen: Loading map Ground Zero (TarkovDev)
[Info   :RequestHandler] [REQUEST]: /vagabond/sync/exfils
[Info   :RequestHandler] [REQUEST SUCCESSFUL] /vagabond/sync/exfils
[Info   :Task Item Indicator] ActionPanel sprites - Hover: cursor_hand, Unavailable: cursor_hand_error, Sense: cursor_point
[Info   :RequestHandler] [REQUEST]: /vagabond/sync/exfils
[Info   :RequestHandler] [REQUEST SUCCESSFUL] /vagabond/sync/exfils
[Info   :RequestHandler] [REQUEST]: /vagabond/sync/exfils
[Info   :RequestHandler] [REQUEST SUCCESSFUL] /vagabond/sync/exfils
[Info   :RequestHandler] [REQUEST]: /vagabond/sync/exfils
[Info   :RequestHandler] [REQUEST SUCCESSFUL] /vagabond/sync/exfils
[Info   :RequestHandler] [REQUEST]: /vagabond/sync/exfils
[Info   :RequestHandler] [REQUEST SUCCESSFUL] /vagabond/sync/exfils
[Info   :RequestHandler] [REQUEST]: /vagabond/sync/exfils
[Info   :RequestHandler] [REQUEST SUCCESSFUL] /vagabond/sync/exfils
[Info   :RequestHandler] [REQUEST]: /vagabond/sync/exfils
[Info   :RequestHandler] [REQUEST SUCCESSFUL] /vagabond/sync/exfils
[Info   :RequestHandler] [REQUEST]: /vagabond/sync/exfils
[Info   :RequestHandler] [REQUEST SUCCESSFUL] /vagabond/sync/exfils
[Info   :RequestHandler] [REQUEST]: /vagabond/sync/exfils
[Info   :RequestHandler] [REQUEST SUCCESSFUL] /vagabond/sync/exfils
[Info   :RequestHandler] [REQUEST]: /vagabond/sync/exfils
[Info   :RequestHandler] [REQUEST SUCCESSFUL] /vagabond/sync/exfils
[Info   :RequestHandler] [REQUEST]: /vagabond/sync/exfils
[Info   :RequestHandler] [REQUEST SUCCESSFUL] /vagabond/sync/exfils
[Info   :RequestHandler] [REQUEST]: /vagabond/sync/exfils
[Info   :RequestHandler] [REQUEST SUCCESSFUL] /vagabond/sync/exfils
[Info   :SmoothTalker] [SmoothTalker] PMC kill: JustAShepard - playing EnemyDown
[Info   :RequestHandler] [REQUEST]: /vagabond/sync/exfils
[Info   :RequestHandler] [REQUEST SUCCESSFUL] /vagabond/sync/exfils
[Error  :SwiftXP.SPT.ShowMeTheMoney.Client (v2.7.0)] An unexpected error occured. Message: Object reference not set to an instance of an object. f.l.o.s.t.:   at SwiftXP.SPT.ShowMeTheMoney.Client.Patches.SimpleTooltipShowPatch.ShowWeaponModsPriceInformation (EFT.InventoryLogic.Weapon weapon, System.Text.StringBuilder& textToAppendToTooltip) [0x00149] in <f7e6e00ba91b46f4b457508df0c66d0c>:0 
[Error  :SwiftXP.SPT.ShowMeTheMoney.Client (v2.7.0)] An unexpected error occured. Message: Object reference not set to an instance of an object. f.l.o.s.t.:   at SwiftXP.SPT.ShowMeTheMoney.Client.Patches.SimpleTooltipShowPatch.ShowWeaponModsPriceInformation (EFT.InventoryLogic.Weapon weapon, System.Text.StringBuilder& textToAppendToTooltip) [0x00149] in <f7e6e00ba91b46f4b457508df0c66d0c>:0 
[Error  :SwiftXP.SPT.ShowMeTheMoney.Client (v2.7.0)] An unexpected error occured. Message: Object reference not set to an instance of an object. f.l.o.s.t.:   at SwiftXP.SPT.ShowMeTheMoney.Client.Patches.SimpleTooltipShowPatch.ShowWeaponModsPriceInformation (EFT.InventoryLogic.Weapon weapon, System.Text.StringBuilder& textToAppendToTooltip) [0x00149] in <f7e6e00ba91b46f4b457508df0c66d0c>:0 
[Info   :RequestHandler] [REQUEST]: /vagabond/sync/exfils
[Info   :RequestHandler] [REQUEST SUCCESSFUL] /vagabond/sync/exfils
[Error  :SwiftXP.SPT.ShowMeTheMoney.Client (v2.7.0)] An unexpected error occured. Message: Object reference not set to an instance of an object. f.l.o.s.t.:   at SwiftXP.SPT.ShowMeTheMoney.Client.Patches.SimpleTooltipShowPatch.ShowWeaponModsPriceInformation (EFT.InventoryLogic.Weapon weapon, System.Text.StringBuilder& textToAppendToTooltip) [0x00149] in <f7e6e00ba91b46f4b457508df0c66d0c>:0 
[Info   :RequestHandler] [REQUEST]: /vagabond/sync/exfils
[Info   :RequestHandler] [REQUEST SUCCESSFUL] /vagabond/sync/exfils
[Info   :RequestHandler] [REQUEST]: /vagabond/sync/exfils
[Info   :RequestHandler] [REQUEST SUCCESSFUL] /vagabond/sync/exfils
[Info   :RequestHandler] [REQUEST]: /vagabond/sync/exfils
[Info   :RequestHandler] [REQUEST SUCCESSFUL] /vagabond/sync/exfils
[Info   :ModulePatch] Updated assault bot Фома Герой to use: assault brain
[Info   :RequestHandler] [REQUEST]: /vagabond/sync/exfils
[Info   :RequestHandler] [REQUEST SUCCESSFUL] /vagabond/sync/exfils
[Info   :RequestHandler] [REQUEST]: /vagabond/sync/exfils
[Info   :RequestHandler] [REQUEST SUCCESSFUL] /vagabond/sync/exfils
[Info   :ModulePatch] Updated assault bot Мишаня Лыжи to use: assault brain
[Info   :RequestHandler] [REQUEST]: /vagabond/sync/exfils
[Info   :RequestHandler] [REQUEST SUCCESSFUL] /vagabond/sync/exfils
[Info   :RequestHandler] [REQUEST]: /vagabond/sync/exfils
[Info   :RequestHandler] [REQUEST SUCCESSFUL] /vagabond/sync/exfils
[Info   :SmoothTalker] [SmoothTalker] Reload started
[Info   :RequestHandler] [REQUEST]: /vagabond/sync/exfils
[Info   :RequestHandler] [REQUEST SUCCESSFUL] /vagabond/sync/exfils
[Error  :SwiftXP.SPT.ShowMeTheMoney.Client (v2.7.0)] An unexpected error occured. Message: Object reference not set to an instance of an object. f.l.o.s.t.:   at SwiftXP.SPT.ShowMeTheMoney.Client.Patches.SimpleTooltipShowPatch.ShowWeaponModsPriceInformation (EFT.InventoryLogic.Weapon weapon, System.Text.StringBuilder& textToAppendToTooltip) [0x00149] in <f7e6e00ba91b46f4b457508df0c66d0c>:0 
[Info   :RequestHandler] [REQUEST]: /vagabond/sync/exfils
[Info   :RequestHandler] [REQUEST SUCCESSFUL] /vagabond/sync/exfils
[Info   :RequestHandler] [REQUEST]: /vagabond/sync/exfils
[Info   :RequestHandler] [REQUEST SUCCESSFUL] /vagabond/sync/exfils
[Info   :RequestHandler] [REQUEST]: /vagabond/sync/exfils
[Info   :RequestHandler] [REQUEST SUCCESSFUL] /vagabond/sync/exfils
[Info   :RequestHandler] [REQUEST]: /vagabond/sync/exfils
[Info   :RequestHandler] [REQUEST SUCCESSFUL] /vagabond/sync/exfils
[Info   :RequestHandler] [REQUEST]: /vagabond/sync/exfils
[Info   :RequestHandler] [REQUEST SUCCESSFUL] /vagabond/sync/exfils
[Info   :RequestHandler] [REQUEST]: /vagabond/sync/exfils
[Info   :RequestHandler] [REQUEST SUCCESSFUL] /vagabond/sync/exfils
[Info   :RequestHandler] [REQUEST]: /vagabond/sync/exfils
[Info   :RequestHandler] [REQUEST SUCCESSFUL] /vagabond/sync/exfils
[Info   :RequestHandler] [REQUEST]: /vagabond/sync/exfils
[Info   :RequestHandler] [REQUEST SUCCESSFUL] /vagabond/sync/exfils
[Info   :RequestHandler] [REQUEST]: /vagabond/sync/exfils
[Info   :RequestHandler] [REQUEST SUCCESSFUL] /vagabond/sync/exfils
[Info   :SmoothTalker] [SmoothTalker] Scav kill: Прокопий Конфликтный - playing ScavDown
[Info   :ModulePatch] Updated assault bot Кайл Пингвин to use: assault brain
[Info   :RequestHandler] [REQUEST]: /vagabond/sync/exfils
[Info   :RequestHandler] [REQUEST SUCCESSFUL] /vagabond/sync/exfils
[Info   :RequestHandler] [REQUEST]: /vagabond/sync/exfils
[Info   :RequestHandler] [REQUEST SUCCESSFUL] /vagabond/sync/exfils
[Info   :RequestHandler] [REQUEST]: /vagabond/sync/exfils
[Info   :RequestHandler] [REQUEST SUCCESSFUL] /vagabond/sync/exfils
[Info   :RequestHandler] [REQUEST]: /vagabond/sync/exfils
[Info   :RequestHandler] [REQUEST SUCCESSFUL] /vagabond/sync/exfils
[Info   :RequestHandler] [REQUEST]: /vagabond/sync/exfils
[Info   :RequestHandler] [REQUEST SUCCESSFUL] /vagabond/sync/exfils
[Info   :RequestHandler] [REQUEST]: /vagabond/sync/exfils
[Info   :RequestHandler] [REQUEST SUCCESSFUL] /vagabond/sync/exfils
[Info   :RequestHandler] [REQUEST]: /vagabond/sync/exfils
[Info   :RequestHandler] [REQUEST SUCCESSFUL] /vagabond/sync/exfils
[Info   :RequestHandler] [REQUEST]: /vagabond/sync/exfils
[Info   :RequestHandler] [REQUEST SUCCESSFUL] /vagabond/sync/exfils
[Info   :RequestHandler] [REQUEST]: /vagabond/sync/exfils
[Info   :RequestHandler] [REQUEST SUCCESSFUL] /vagabond/sync/exfils
[Info   :RequestHandler] [REQUEST]: /vagabond/sync/exfils
[Info   :RequestHandler] [REQUEST SUCCESSFUL] /vagabond/sync/exfils
[Info   :RequestHandler] [REQUEST]: /vagabond/sync/exfils
[Info   :RequestHandler] [REQUEST SUCCESSFUL] /vagabond/sync/exfils
[Info   :RequestHandler] [REQUEST]: /vagabond/sync/exfils
[Info   :RequestHandler] [REQUEST SUCCESSFUL] /vagabond/sync/exfils
[Info   :RequestHandler] [REQUEST]: /vagabond/sync/exfils
[Info   :RequestHandler] [REQUEST SUCCESSFUL] /vagabond/sync/exfils
[Info   :RequestHandler] [REQUEST]: /vagabond/sync/exfils
[Info   :RequestHandler] [REQUEST SUCCESSFUL] /vagabond/sync/exfils
[Info   :RequestHandler] [REQUEST]: /vagabond/sync/exfils
[Info   :RequestHandler] [REQUEST SUCCESSFUL] /vagabond/sync/exfils
[Info   :RequestHandler] [REQUEST]: /vagabond/sync/exfils
[Info   :RequestHandler] [REQUEST SUCCESSFUL] /vagabond/sync/exfils
[Info   :RequestHandler] [REQUEST]: /vagabond/sync/exfils
[Info   :RequestHandler] [REQUEST SUCCESSFUL] /vagabond/sync/exfils
[Info   :RequestHandler] [REQUEST]: /vagabond/sync/exfils
[Info   :RequestHandler] [REQUEST SUCCESSFUL] /vagabond/sync/exfils
[Info   :SmoothTalker] [SmoothTalker] Scav kill: Мишаня Лыжи - playing ScavDown
[Info   :RequestHandler] [REQUEST]: /vagabond/sync/exfils
[Info   :RequestHandler] [REQUEST SUCCESSFUL] /vagabond/sync/exfils
[Info   :ModulePatch] Updated assault bot Игорь Бокс to use: assault brain
[Info   :RequestHandler] [REQUEST]: /vagabond/sync/exfils
[Info   :RequestHandler] [REQUEST SUCCESSFUL] /vagabond/sync/exfils
[Info   :RequestHandler] [REQUEST]: /vagabond/sync/exfils
[Info   :RequestHandler] [REQUEST SUCCESSFUL] /vagabond/sync/exfils
[Info   :RequestHandler] [REQUEST]: /vagabond/sync/exfils
[Info   :RequestHandler] [REQUEST SUCCESSFUL] /vagabond/sync/exfils
[Info   :RequestHandler] [REQUEST]: /vagabond/sync/exfils
[Info   :RequestHandler] [REQUEST SUCCESSFUL] /vagabond/sync/exfils
[Info   :RequestHandler] [REQUEST]: /vagabond/sync/exfils
[Info   :RequestHandler] [REQUEST SUCCESSFUL] /vagabond/sync/exfils
[Info   :RequestHandler] [REQUEST]: /vagabond/sync/exfils
[Info   :RequestHandler] [REQUEST SUCCESSFUL] /vagabond/sync/exfils
[Info   :RequestHandler] [REQUEST]: /vagabond/sync/exfils
[Info   :RequestHandler] [REQUEST SUCCESSFUL] /vagabond/sync/exfils
[Info   :RequestHandler] [REQUEST]: /vagabond/sync/exfils
[Info   :RequestHandler] [REQUEST SUCCESSFUL] /vagabond/sync/exfils
[Info   :RequestHandler] [REQUEST]: /vagabond/sync/exfils
[Info   :RequestHandler] [REQUEST SUCCESSFUL] /vagabond/sync/exfils
[Info   :SmoothTalker] [SmoothTalker] PMC kill: CreamCheese - playing EnemyDown
[Info   :RequestHandler] [REQUEST]: /vagabond/sync/exfils
[Info   :RequestHandler] [REQUEST SUCCESSFUL] /vagabond/sync/exfils
[Info   :RequestHandler] [REQUEST]: /vagabond/sync/exfils
[Info   :RequestHandler] [REQUEST SUCCESSFUL] /vagabond/sync/exfils
[Info   :RequestHandler] [REQUEST]: /vagabond/sync/exfils
[Info   :RequestHandler] [REQUEST SUCCESSFUL] /vagabond/sync/exfils
[Info   :RequestHandler] [REQUEST]: /vagabond/sync/exfils
[Info   :RequestHandler] [REQUEST SUCCESSFUL] /vagabond/sync/exfils
[Info   :RequestHandler] [REQUEST]: /vagabond/sync/exfils
[Info   :RequestHandler] [REQUEST SUCCESSFUL] /vagabond/sync/exfils
[Info   :RequestHandler] [REQUEST]: /vagabond/sync/exfils
[Info   :RequestHandler] [REQUEST SUCCESSFUL] /vagabond/sync/exfils
[Info   :RequestHandler] [REQUEST]: /vagabond/sync/exfils
[Info   :RequestHandler] [REQUEST SUCCESSFUL] /vagabond/sync/exfils
[Info   :RequestHandler] [REQUEST]: /vagabond/sync/exfils
[Info   :RequestHandler] [REQUEST SUCCESSFUL] /vagabond/sync/exfils
[Info   :RequestHandler] [REQUEST]: /vagabond/sync/exfils
[Info   :RequestHandler] [REQUEST SUCCESSFUL] /vagabond/sync/exfils
[Info   :RequestHandler] [REQUEST]: /vagabond/sync/exfils
[Info   :RequestHandler] [REQUEST SUCCESSFUL] /vagabond/sync/exfils
[Info   :RequestHandler] [REQUEST]: /vagabond/sync/exfils
[Info   :RequestHandler] [REQUEST SUCCESSFUL] /vagabond/sync/exfils
[Info   :RequestHandler] [REQUEST]: /vagabond/sync/exfils
[Info   :RequestHandler] [REQUEST SUCCESSFUL] /vagabond/sync/exfils
[Info   :RequestHandler] [REQUEST]: /vagabond/sync/exfils
[Info   :RequestHandler] [REQUEST SUCCESSFUL] /vagabond/sync/exfils
[Info   :RequestHandler] [REQUEST]: /vagabond/sync/exfils
[Info   :RequestHandler] [REQUEST SUCCESSFUL] /vagabond/sync/exfils
[Info   :RequestHandler] [REQUEST]: /vagabond/sync/exfils
[Info   :RequestHandler] [REQUEST SUCCESSFUL] /vagabond/sync/exfils
[Error  : Fika.Core] [PutPolymorph]: Serializer delegate missing for registered type: MergeConsumables.Descriptors.MergeMedsDescriptor
[Error  :SwiftXP.SPT.ShowMeTheMoney.Client (v2.7.0)] An unexpected error occured. Message: Object reference not set to an instance of an object. f.l.o.s.t.:   at SwiftXP.SPT.ShowMeTheMoney.Client.Patches.SimpleTooltipShowPatch.ShowWeaponModsPriceInformation (EFT.InventoryLogic.Weapon weapon, System.Text.StringBuilder& textToAppendToTooltip) [0x00149] in <f7e6e00ba91b46f4b457508df0c66d0c>:0 
[Info   :RequestHandler] [REQUEST]: /vagabond/sync/exfils
[Info   :RequestHandler] [REQUEST SUCCESSFUL] /vagabond/sync/exfils
[Info   :RequestHandler] [REQUEST]: /vagabond/sync/exfils
[Info   :RequestHandler] [REQUEST SUCCESSFUL] /vagabond/sync/exfils
[Info   :SmoothTalker] [SmoothTalker] Reload started
[Info   :RequestHandler] [REQUEST]: /vagabond/sync/exfils
[Info   :RequestHandler] [REQUEST SUCCESSFUL] /vagabond/sync/exfils
[Info   :RequestHandler] [REQUEST]: /vagabond/sync/exfils
[Info   :RequestHandler] [REQUEST SUCCESSFUL] /vagabond/sync/exfils
[Warning:     ORBIT] F78134: WeaponSwap.Move(Saryn, MSA Sordin Supreme PRO-X/L headset from slot:Earpiece@corpse/external → Earpiece): build FAILED — item Default Inventory (id: 6a87cee196b0160027edb4c2) cannot contain both item headphones_MSA (id: 6a87cee196b0160027edb8b3) and item item_equipment_helmet_ssh-68 (id: 6a87cee196b0160027edb477) at the same time
[Info   :RequestHandler] [REQUEST]: /vagabond/sync/exfils
[Info   :RequestHandler] [REQUEST SUCCESSFUL] /vagabond/sync/exfils
[Info   :RequestHandler] [REQUEST]: /vagabond/sync/exfils
[Info   :RequestHandler] [REQUEST SUCCESSFUL] /vagabond/sync/exfils
[Info   :RequestHandler] [REQUEST]: /vagabond/sync/exfils
[Info   :RequestHandler] [REQUEST SUCCESSFUL] /vagabond/sync/exfils
[Info   :RequestHandler] [REQUEST]: /vagabond/sync/exfils
[Info   :RequestHandler] [REQUEST SUCCESSFUL] /vagabond/sync/exfils
[Info   :RequestHandler] [REQUEST]: /vagabond/sync/exfils
[Info   :RequestHandler] [REQUEST SUCCESSFUL] /vagabond/sync/exfils
[Info   :RequestHandler] [REQUEST]: /vagabond/sync/exfils
[Info   :RequestHandler] [REQUEST SUCCESSFUL] /vagabond/sync/exfils
[Info   :RequestHandler] [REQUEST]: /vagabond/sync/exfils
[Info   :RequestHandler] [REQUEST SUCCESSFUL] /vagabond/sync/exfils
[Info   :SmoothTalker] [SmoothTalker] Scav kill: Фома Герой - playing ScavDown
[Info   :ModulePatch] Updated assault bot Лёха Псих to use: assault brain
[Info   :RequestHandler] [REQUEST]: /vagabond/sync/exfils
[Info   :RequestHandler] [REQUEST SUCCESSFUL] /vagabond/sync/exfils
[Info   :RequestHandler] [REQUEST]: /vagabond/sync/exfils
[Info   :RequestHandler] [REQUEST SUCCESSFUL] /vagabond/sync/exfils
[Info   :RequestHandler] [REQUEST]: /vagabond/sync/exfils
[Info   :RequestHandler] [REQUEST SUCCESSFUL] /vagabond/sync/exfils
[Info   :RequestHandler] [REQUEST]: /vagabond/sync/exfils
[Info   :RequestHandler] [REQUEST SUCCESSFUL] /vagabond/sync/exfils
[Info   :RequestHandler] [REQUEST]: /vagabond/sync/exfils
[Info   :RequestHandler] [REQUEST SUCCESSFUL] /vagabond/sync/exfils
[Error  :SwiftXP.SPT.ShowMeTheMoney.Client (v2.7.0)] An unexpected error occured. Message: Object reference not set to an instance of an object. f.l.o.s.t.:   at SwiftXP.SPT.ShowMeTheMoney.Client.Patches.SimpleTooltipShowPatch.ShowWeaponModsPriceInformation (EFT.InventoryLogic.Weapon weapon, System.Text.StringBuilder& textToAppendToTooltip) [0x00149] in <f7e6e00ba91b46f4b457508df0c66d0c>:0 
[Error  :SwiftXP.SPT.ShowMeTheMoney.Client (v2.7.0)] An unexpected error occured. Message: Object reference not set to an instance of an object. f.l.o.s.t.:   at SwiftXP.SPT.ShowMeTheMoney.Client.Patches.SimpleTooltipShowPatch.ShowWeaponModsPriceInformation (EFT.InventoryLogic.Weapon weapon, System.Text.StringBuilder& textToAppendToTooltip) [0x00149] in <f7e6e00ba91b46f4b457508df0c66d0c>:0 
[Info   :RequestHandler] [REQUEST]: /vagabond/sync/exfils
[Info   :RequestHandler] [REQUEST SUCCESSFUL] /vagabond/sync/exfils
[Info   :RequestHandler] [REQUEST]: /vagabond/sync/exfils
[Info   :RequestHandler] [REQUEST SUCCESSFUL] /vagabond/sync/exfils
[Info   :RequestHandler] [REQUEST]: /vagabond/sync/exfils
[Info   :RequestHandler] [REQUEST SUCCESSFUL] /vagabond/sync/exfils
[Info   :RequestHandler] [REQUEST]: /vagabond/sync/exfils
[Info   :RequestHandler] [REQUEST SUCCESSFUL] /vagabond/sync/exfils
[Info   :RequestHandler] [REQUEST]: /vagabond/sync/exfils
[Info   :RequestHandler] [REQUEST SUCCESSFUL] /vagabond/sync/exfils
[Info   :RequestHandler] [REQUEST]: /vagabond/sync/exfils
[Info   :RequestHandler] [REQUEST SUCCESSFUL] /vagabond/sync/exfils
[Info   :RequestHandler] [REQUEST]: /vagabond/sync/exfils
[Info   :RequestHandler] [REQUEST SUCCESSFUL] /vagabond/sync/exfils
[Info   :RequestHandler] [REQUEST]: /vagabond/sync/exfils
[Info   :RequestHandler] [REQUEST SUCCESSFUL] /vagabond/sync/exfils
[Info   :RequestHandler] [REQUEST]: /vagabond/sync/exfils
[Info   :RequestHandler] [REQUEST SUCCESSFUL] /vagabond/sync/exfils
[Info   :RequestHandler] [REQUEST]: /vagabond/sync/exfils
[Info   :RequestHandler] [REQUEST SUCCESSFUL] /vagabond/sync/exfils
[Info   :RequestHandler] [REQUEST]: /vagabond/sync/exfils
[Info   :RequestHandler] [REQUEST SUCCESSFUL] /vagabond/sync/exfils
[Info   :RequestHandler] [REQUEST]: /vagabond/sync/exfils
[Info   :RequestHandler] [REQUEST SUCCESSFUL] /vagabond/sync/exfils
[Info   :SmoothTalker] [SmoothTalker] Scav kill: Джек Штырь - playing ScavDown
[Info   :RequestHandler] [REQUEST]: /vagabond/sync/exfils
[Info   :RequestHandler] [REQUEST SUCCESSFUL] /vagabond/sync/exfils
[Info   :RequestHandler] [REQUEST]: /vagabond/sync/exfils
[Info   :RequestHandler] [REQUEST SUCCESSFUL] /vagabond/sync/exfils
[Info   :SmoothTalker] [SmoothTalker] Scav kill: Игорь Бокс - playing ScavDown
[Info   :ModulePatch] Updated assault bot Станислав Котовод to use: assault brain
[Info   :RequestHandler] [REQUEST]: /vagabond/sync/exfils
[Info   :RequestHandler] [REQUEST SUCCESSFUL] /vagabond/sync/exfils
[Info   :RequestHandler] [REQUEST]: /vagabond/sync/exfils
[Info   :RequestHandler] [REQUEST SUCCESSFUL] /vagabond/sync/exfils
[Info   :RequestHandler] [REQUEST]: /vagabond/sync/exfils
[Info   :RequestHandler] [REQUEST SUCCESSFUL] /vagabond/sync/exfils
[Info   :RequestHandler] [REQUEST]: /vagabond/sync/exfils
[Info   :RequestHandler] [REQUEST SUCCESSFUL] /vagabond/sync/exfils
[Info   :RequestHandler] [REQUEST]: /vagabond/sync/exfils
[Info   :RequestHandler] [REQUEST SUCCESSFUL] /vagabond/sync/exfils
[Info   :RequestHandler] [REQUEST]: /vagabond/sync/exfils
[Info   :RequestHandler] [REQUEST SUCCESSFUL] /vagabond/sync/exfils
[Info   :RequestHandler] [REQUEST]: /vagabond/sync/exfils
[Info   :RequestHandler] [REQUEST SUCCESSFUL] /vagabond/sync/exfils
[Info   :RequestHandler] [REQUEST]: /vagabond/sync/exfils
[Info   :RequestHandler] [REQUEST SUCCESSFUL] /vagabond/sync/exfils
[Info   :RequestHandler] [REQUEST]: /vagabond/sync/exfils
[Info   :RequestHandler] [REQUEST SUCCESSFUL] /vagabond/sync/exfils
[Info   :SmoothTalker] [SmoothTalker] PMC kill: Saryn - playing EnemyDown
[Info   :RequestHandler] [REQUEST]: /vagabond/sync/exfils
[Info   :RequestHandler] [REQUEST SUCCESSFUL] /vagabond/sync/exfils
[Info   :RequestHandler] [REQUEST]: /vagabond/sync/exfils
[Info   :RequestHandler] [REQUEST SUCCESSFUL] /vagabond/sync/exfils
[Info   :RequestHandler] [REQUEST]: /vagabond/sync/exfils
[Info   :RequestHandler] [REQUEST SUCCESSFUL] /vagabond/sync/exfils
[Info   :RequestHandler] [REQUEST]: /vagabond/sync/exfils
[Info   :RequestHandler] [REQUEST SUCCESSFUL] /vagabond/sync/exfils
[Info   :RequestHandler] [REQUEST]: /vagabond/sync/exfils
[Info   :RequestHandler] [REQUEST SUCCESSFUL] /vagabond/sync/exfils
[Info   :RequestHandler] [REQUEST]: /vagabond/sync/exfils
[Info   :RequestHandler] [REQUEST SUCCESSFUL] /vagabond/sync/exfils
[Info   :RequestHandler] [REQUEST]: /vagabond/sync/exfils
[Info   :RequestHandler] [REQUEST SUCCESSFUL] /vagabond/sync/exfils
[Info   :RequestHandler] [REQUEST]: /vagabond/sync/exfils
[Info   :RequestHandler] [REQUEST SUCCESSFUL] /vagabond/sync/exfils
[Info   :RequestHandler] [REQUEST]: /vagabond/sync/exfils
[Info   :RequestHandler] [REQUEST SUCCESSFUL] /vagabond/sync/exfils
[Info   :RequestHandler] [REQUEST]: /vagabond/sync/exfils
[Info   :RequestHandler] [REQUEST SUCCESSFUL] /vagabond/sync/exfils
[Info   :RequestHandler] [REQUEST]: /vagabond/sync/exfils
[Info   :RequestHandler] [REQUEST SUCCESSFUL] /vagabond/sync/exfils
[Info   :RequestHandler] [REQUEST]: /vagabond/sync/exfils
[Info   :RequestHandler] [REQUEST SUCCESSFUL] /vagabond/sync/exfils
[Info   :RequestHandler] [REQUEST]: /vagabond/sync/exfils
[Info   :RequestHandler] [REQUEST SUCCESSFUL] /vagabond/sync/exfils
[Info   :RequestHandler] [REQUEST]: /vagabond/sync/exfils
[Info   :RequestHandler] [REQUEST SUCCESSFUL] /vagabond/sync/exfils
[Info   :RequestHandler] [REQUEST]: /vagabond/sync/exfils
[Info   :RequestHandler] [REQUEST SUCCESSFUL] /vagabond/sync/exfils
[Info   :RequestHandler] [REQUEST]: /vagabond/sync/exfils
[Info   :RequestHandler] [REQUEST SUCCESSFUL] /vagabond/sync/exfils
[Info   :RequestHandler] [REQUEST]: /vagabond/sync/exfils
[Info   :RequestHandler] [REQUEST SUCCESSFUL] /vagabond/sync/exfils
[Info   :RequestHandler] [REQUEST]: /vagabond/sync/exfils
[Info   :RequestHandler] [REQUEST SUCCESSFUL] /vagabond/sync/exfils
[Info   :RequestHandler] [REQUEST]: /vagabond/sync/exfils
[Info   :RequestHandler] [REQUEST SUCCESSFUL] /vagabond/sync/exfils
[Info   :SmoothTalker] [SmoothTalker] Scav kill: Лёха Псих - playing ScavDown
[Info   :RequestHandler] [REQUEST]: /vagabond/sync/exfils
[Info   :RequestHandler] [REQUEST SUCCESSFUL] /vagabond/sync/exfils
[Info   :ModulePatch] Updated assault bot Даня Сикель to use: assault brain
[Info   :RequestHandler] [REQUEST]: /vagabond/sync/exfils
[Info   :RequestHandler] [REQUEST SUCCESSFUL] /vagabond/sync/exfils
[Info   :RequestHandler] [REQUEST]: /vagabond/sync/exfils
[Info   :RequestHandler] [REQUEST SUCCESSFUL] /vagabond/sync/exfils
[Info   :RequestHandler] [REQUEST]: /vagabond/sync/exfils
[Info   :RequestHandler] [REQUEST SUCCESSFUL] /vagabond/sync/exfils
[Info   :RequestHandler] [REQUEST]: /vagabond/sync/exfils
[Info   :RequestHandler] [REQUEST SUCCESSFUL] /vagabond/sync/exfils
[Info   :RequestHandler] [REQUEST]: /vagabond/sync/exfils
[Info   :RequestHandler] [REQUEST SUCCESSFUL] /vagabond/sync/exfils
[Info   :RequestHandler] [REQUEST]: /vagabond/sync/exfils
[Info   :RequestHandler] [REQUEST SUCCESSFUL] /vagabond/sync/exfils
[Info   :RequestHandler] [REQUEST]: /vagabond/sync/exfils
[Info   :RequestHandler] [REQUEST SUCCESSFUL] /vagabond/sync/exfils
[Info   :RequestHandler] [REQUEST]: /vagabond/sync/exfils
[Info   :RequestHandler] [REQUEST SUCCESSFUL] /vagabond/sync/exfils
[Info   :RequestHandler] [REQUEST]: /vagabond/sync/exfils
[Info   :RequestHandler] [REQUEST SUCCESSFUL] /vagabond/sync/exfils
[Info   :RequestHandler] [REQUEST]: /vagabond/sync/exfils
[Info   :RequestHandler] [REQUEST SUCCESSFUL] /vagabond/sync/exfils
[Info   :RequestHandler] [REQUEST]: /vagabond/sync/exfils
[Info   :RequestHandler] [REQUEST SUCCESSFUL] /vagabond/sync/exfils
[Info   :RequestHandler] [REQUEST]: /vagabond/sync/exfils
[Info   :RequestHandler] [REQUEST SUCCESSFUL] /vagabond/sync/exfils
[Info   :RequestHandler] [REQUEST]: /vagabond/sync/exfils
[Info   :RequestHandler] [REQUEST SUCCESSFUL] /vagabond/sync/exfils
[Info   :RequestHandler] [REQUEST]: /vagabond/sync/exfils
[Info   :RequestHandler] [REQUEST SUCCESSFUL] /vagabond/sync/exfils
[Info   :RequestHandler] [REQUEST]: /vagabond/sync/exfils
[Info   :RequestHandler] [REQUEST SUCCESSFUL] /vagabond/sync/exfils
[Info   :RequestHandler] [REQUEST]: /vagabond/sync/exfils
[Info   :RequestHandler] [REQUEST SUCCESSFUL] /vagabond/sync/exfils
[Info   :RequestHandler] [REQUEST]: /vagabond/sync/exfils
[Info   :RequestHandler] [REQUEST SUCCESSFUL] /vagabond/sync/exfils
[Info   :RequestHandler] [REQUEST]: /vagabond/sync/exfils
[Info   :RequestHandler] [REQUEST SUCCESSFUL] /vagabond/sync/exfils
[Info   :RequestHandler] [REQUEST]: /vagabond/sync/exfils
[Info   :RequestHandler] [REQUEST SUCCESSFUL] /vagabond/sync/exfils
[Info   :RequestHandler] [REQUEST]: /vagabond/sync/exfils
[Info   :RequestHandler] [REQUEST SUCCESSFUL] /vagabond/sync/exfils
[Info   :RequestHandler] [REQUEST]: /vagabond/sync/exfils
[Info   :RequestHandler] [REQUEST SUCCESSFUL] /vagabond/sync/exfils
[Info   :RequestHandler] [REQUEST]: /vagabond/sync/exfils
[Info   :RequestHandler] [REQUEST SUCCESSFUL] /vagabond/sync/exfils
[Info   :RequestHandler] [REQUEST]: /vagabond/sync/exfils
[Info   :RequestHandler] [REQUEST SUCCESSFUL] /vagabond/sync/exfils
[Info   :RequestHandler] [REQUEST]: /vagabond/sync/exfils
[Info   :RequestHandler] [REQUEST SUCCESSFUL] /vagabond/sync/exfils
[Info   :RequestHandler] [REQUEST]: /vagabond/sync/exfils
[Info   :RequestHandler] [REQUEST SUCCESSFUL] /vagabond/sync/exfils
[Info   :RequestHandler] [REQUEST]: /vagabond/sync/exfils
[Info   :RequestHandler] [REQUEST SUCCESSFUL] /vagabond/sync/exfils
[Info   :RequestHandler] [REQUEST]: /vagabond/sync/exfils
[Info   :RequestHandler] [REQUEST SUCCESSFUL] /vagabond/sync/exfils
[Info   :RequestHandler] [REQUEST]: /vagabond/sync/exfils
[Info   :RequestHandler] [REQUEST SUCCESSFUL] /vagabond/sync/exfils
[Info   :RequestHandler] [REQUEST]: /vagabond/sync/exfils
[Info   :RequestHandler] [REQUEST SUCCESSFUL] /vagabond/sync/exfils
[Info   :RequestHandler] [REQUEST]: /vagabond/sync/exfils
[Info   :RequestHandler] [REQUEST SUCCESSFUL] /vagabond/sync/exfils
[Info   :RequestHandler] [REQUEST]: /vagabond/sync/exfils
[Info   :RequestHandler] [REQUEST SUCCESSFUL] /vagabond/sync/exfils
[Info   :RequestHandler] [REQUEST]: /vagabond/sync/exfils
[Info   :RequestHandler] [REQUEST SUCCESSFUL] /vagabond/sync/exfils
[Error  :  Vagabond] Failed to dump location: System.FormatException: Input string was not in a correct format.
  at System.Text.StringBuilder.AppendFormatHelper (System.IFormatProvider provider, System.String format, System.ParamsArray args) [0x000b2] in <8ce0bd04a7a04b4b9395538239d3fdd8>:0 
  at System.String.FormatHelper (System.IFormatProvider provider, System.String format, System.ParamsArray args) [0x00023] in <8ce0bd04a7a04b4b9395538239d3fdd8>:0 
  at System.String.Format (System.String format, System.Object[] args) [0x00020] in <8ce0bd04a7a04b4b9395538239d3fdd8>:0 
  at Vagabond.Client.Vagabond.DumpCurrentLocation () [0x000a5] in <96566e0ee2f2497da76e25a2d083f2a0>:0 
[Info   :CoopHandler] F8 pressed, attempting to extract!
[Info   :  Blackout] [BlackoutFika] raid ended, sync off
[Info   :RequestHandler] [REQUEST]: /botplacementsystem/save
[Info   :RequestHandler] [REQUEST SUCCESSFUL] /botplacementsystem/save
[Info   :RequestHandler] [REQUEST]: /vagabond/sync/exfils
[Info   :RequestHandler] [REQUEST SUCCESSFUL] /vagabond/sync/exfils
[Warning:     ORBIT] F101990: OrbitLootHandler.UnfreezeBotAfterLootSession(Gleneth): SetPose THREW Object reference not set to an instance of an object
[Info   :RequestHandler] [REQUEST]: /stattrack/save
[Info   :RequestHandler] [REQUEST]: /morebotsapi/updaterevenge
[Info   :RequestHandler] [REQUEST SUCCESSFUL] /morebotsapi/updaterevenge
[Info   :RequestHandler] [REQUEST SUCCESSFUL] /stattrack/save
[Info   :     ORBIT] Disposing ORBIT static + long-lived state
[Info   :     ORBIT] Dispose complete
[Info   :Fika.Server] ..:: Fika Server Session Statistics ::..
[Info   :Fika.Server] Sent packets: 0
[Info   :Fika.Server] Sent data: 0 B
[Info   :Fika.Server] Received packets: 0
[Info   :Fika.Server] Received data: 0 B
[Info   :Fika.Server] Packet loss: 0%
[Info   :Fika.Server] Time in raid: 00h 17m 13s
[Info   :NetManagerUtils] Destroyed FikaServer
[Info   :RequestHandler] [REQUEST]: /botplacementsystem/load
[Info   :RequestHandler] [REQUEST]: /stattrack/load
[Info   :RequestHandler] [REQUEST]: /weaponcustomizer/load
[Info   :RequestHandler] [REQUEST SUCCESSFUL] /botplacementsystem/load
[Info   :RequestHandler] [REQUEST SUCCESSFUL] /stattrack/load
[Info   :RequestHandler] [REQUEST SUCCESSFUL] /weaponcustomizer/load
[Info   :RequestHandler] [REQUEST]: /hip/load
[Info   :RequestHandler] [REQUEST]: /vagabond/sync/state
[Info   :RequestHandler] [REQUEST SUCCESSFUL] /vagabond/sync/state
[Info   :RequestHandler] [REQUEST SUCCESSFUL] /hip/load
[Info   :RequestHandler] [REQUEST]: /client/ragfair/offerfees
[Info   :RequestHandler] [REQUEST SUCCESSFUL] /client/ragfair/offerfees
[Error  :SwiftXP.SPT.ShowMeTheMoney.Client (v2.7.0)] An unexpected error occured. Message: Object reference not set to an instance of an object. f.l.o.s.t.:   at SwiftXP.SPT.ShowMeTheMoney.Client.Patches.SimpleTooltipShowPatch.ShowWeaponModsPriceInformation (EFT.InventoryLogic.Weapon weapon, System.Text.StringBuilder& textToAppendToTooltip) [0x00149] in <f7e6e00ba91b46f4b457508df0c66d0c>:0 
[Error  :SwiftXP.SPT.ShowMeTheMoney.Client (v2.7.0)] An unexpected error occured. Message: Object reference not set to an instance of an object. f.l.o.s.t.:   at SwiftXP.SPT.ShowMeTheMoney.Client.Patches.SimpleTooltipShowPatch.ShowWeaponModsPriceInformation (EFT.InventoryLogic.Weapon weapon, System.Text.StringBuilder& textToAppendToTooltip) [0x00149] in <f7e6e00ba91b46f4b457508df0c66d0c>:0 
[Error  :SwiftXP.SPT.ShowMeTheMoney.Client (v2.7.0)] An unexpected error occured. Message: Object reference not set to an instance of an object. f.l.o.s.t.:   at SwiftXP.SPT.ShowMeTheMoney.Client.Patches.SimpleTooltipShowPatch.ShowWeaponModsPriceInformation (EFT.InventoryLogic.Weapon weapon, System.Text.StringBuilder& textToAppendToTooltip) [0x00149] in <f7e6e00ba91b46f4b457508df0c66d0c>:0 
[Error  :SwiftXP.SPT.ShowMeTheMoney.Client (v2.7.0)] An unexpected error occured. Message: Object reference not set to an instance of an object. f.l.o.s.t.:   at SwiftXP.SPT.ShowMeTheMoney.Client.Patches.SimpleTooltipShowPatch.ShowWeaponModsPriceInformation (EFT.InventoryLogic.Weapon weapon, System.Text.StringBuilder& textToAppendToTooltip) [0x00149] in <f7e6e00ba91b46f4b457508df0c66d0c>:0 
[Error  :SwiftXP.SPT.ShowMeTheMoney.Client (v2.7.0)] An unexpected error occured. Message: Object reference not set to an instance of an object. f.l.o.s.t.:   at SwiftXP.SPT.ShowMeTheMoney.Client.Patches.SimpleTooltipShowPatch.ShowWeaponModsPriceInformation (EFT.InventoryLogic.Weapon weapon, System.Text.StringBuilder& textToAppendToTooltip) [0x00149] in <f7e6e00ba91b46f4b457508df0c66d0c>:0 
[Error  :SwiftXP.SPT.ShowMeTheMoney.Client (v2.7.0)] An unexpected error occured. Message: Object reference not set to an instance of an object. f.l.o.s.t.:   at SwiftXP.SPT.ShowMeTheMoney.Client.Patches.SimpleTooltipShowPatch.ShowWeaponModsPriceInformation (EFT.InventoryLogic.Weapon weapon, System.Text.StringBuilder& textToAppendToTooltip) [0x00149] in <f7e6e00ba91b46f4b457508df0c66d0c>:0 
[Error  :SwiftXP.SPT.ShowMeTheMoney.Client (v2.7.0)] An unexpected error occured. Message: Object reference not set to an instance of an object. f.l.o.s.t.:   at SwiftXP.SPT.ShowMeTheMoney.Client.Patches.SimpleTooltipShowPatch.ShowWeaponModsPriceInformation (EFT.InventoryLogic.Weapon weapon, System.Text.StringBuilder& textToAppendToTooltip) [0x00149] in <f7e6e00ba91b46f4b457508df0c66d0c>:0 
[Error  :SwiftXP.SPT.ShowMeTheMoney.Client (v2.7.0)] An unexpected error occured. Message: Object reference not set to an instance of an object. f.l.o.s.t.:   at SwiftXP.SPT.ShowMeTheMoney.Client.Patches.SimpleTooltipShowPatch.ShowWeaponModsPriceInformation (EFT.InventoryLogic.Weapon weapon, System.Text.StringBuilder& textToAppendToTooltip) [0x00149] in <f7e6e00ba91b46f4b457508df0c66d0c>:0 
[Error  :SwiftXP.SPT.ShowMeTheMoney.Client (v2.7.0)] An unexpected error occured. Message: Object reference not set to an instance of an object. f.l.o.s.t.:   at SwiftXP.SPT.ShowMeTheMoney.Client.Patches.SimpleTooltipShowPatch.ShowWeaponModsPriceInformation (EFT.InventoryLogic.Weapon weapon, System.Text.StringBuilder& textToAppendToTooltip) [0x00149] in <f7e6e00ba91b46f4b457508df0c66d0c>:0 
[Error  :SwiftXP.SPT.ShowMeTheMoney.Client (v2.7.0)] An unexpected error occured. Message: Object reference not set to an instance of an object. f.l.o.s.t.:   at SwiftXP.SPT.ShowMeTheMoney.Client.Patches.SimpleTooltipShowPatch.ShowWeaponModsPriceInformation (EFT.InventoryLogic.Weapon weapon, System.Text.StringBuilder& textToAppendToTooltip) [0x00149] in <f7e6e00ba91b46f4b457508df0c66d0c>:0 
[Error  :SwiftXP.SPT.ShowMeTheMoney.Client (v2.7.0)] An unexpected error occured. Message: Object reference not set to an instance of an object. f.l.o.s.t.:   at SwiftXP.SPT.ShowMeTheMoney.Client.Patches.SimpleTooltipShowPatch.ShowWeaponModsPriceInformation (EFT.InventoryLogic.Weapon weapon, System.Text.StringBuilder& textToAppendToTooltip) [0x00149] in <f7e6e00ba91b46f4b457508df0c66d0c>:0 
[Error  :SwiftXP.SPT.ShowMeTheMoney.Client (v2.7.0)] An unexpected error occured. Message: Object reference not set to an instance of an object. f.l.o.s.t.:   at SwiftXP.SPT.ShowMeTheMoney.Client.Patches.SimpleTooltipShowPatch.ShowWeaponModsPriceInformation (EFT.InventoryLogic.Weapon weapon, System.Text.StringBuilder& textToAppendToTooltip) [0x00149] in <f7e6e00ba91b46f4b457508df0c66d0c>:0 
[Error  :SwiftXP.SPT.ShowMeTheMoney.Client (v2.7.0)] An unexpected error occured. Message: Object reference not set to an instance of an object. f.l.o.s.t.:   at SwiftXP.SPT.ShowMeTheMoney.Client.Patches.SimpleTooltipShowPatch.ShowWeaponModsPriceInformation (EFT.InventoryLogic.Weapon weapon, System.Text.StringBuilder& textToAppendToTooltip) [0x00149] in <f7e6e00ba91b46f4b457508df0c66d0c>:0 
[Error  :SwiftXP.SPT.ShowMeTheMoney.Client (v2.7.0)] An unexpected error occured. Message: Object reference not set to an instance of an object. f.l.o.s.t.:   at SwiftXP.SPT.ShowMeTheMoney.Client.Patches.SimpleTooltipShowPatch.ShowWeaponModsPriceInformation (EFT.InventoryLogic.Weapon weapon, System.Text.StringBuilder& textToAppendToTooltip) [0x00149] in <f7e6e00ba91b46f4b457508df0c66d0c>:0 
[Error  :SwiftXP.SPT.ShowMeTheMoney.Client (v2.7.0)] An unexpected error occured. Message: Object reference not set to an instance of an object. f.l.o.s.t.:   at SwiftXP.SPT.ShowMeTheMoney.Client.Patches.SimpleTooltipShowPatch.ShowWeaponModsPriceInformation (EFT.InventoryLogic.Weapon weapon, System.Text.StringBuilder& textToAppendToTooltip) [0x00149] in <f7e6e00ba91b46f4b457508df0c66d0c>:0 
[Error  :SwiftXP.SPT.ShowMeTheMoney.Client (v2.7.0)] An unexpected error occured. Message: Object reference not set to an instance of an object. f.l.o.s.t.:   at SwiftXP.SPT.ShowMeTheMoney.Client.Patches.SimpleTooltipShowPatch.ShowWeaponModsPriceInformation (EFT.InventoryLogic.Weapon weapon, System.Text.StringBuilder& textToAppendToTooltip) [0x00149] in <f7e6e00ba91b46f4b457508df0c66d0c>:0 
[Error  :SwiftXP.SPT.ShowMeTheMoney.Client (v2.7.0)] An unexpected error occured. Message: Object reference not set to an instance of an object. f.l.o.s.t.:   at SwiftXP.SPT.ShowMeTheMoney.Client.Patches.SimpleTooltipShowPatch.ShowWeaponModsPriceInformation (EFT.InventoryLogic.Weapon weapon, System.Text.StringBuilder& textToAppendToTooltip) [0x00149] in <f7e6e00ba91b46f4b457508df0c66d0c>:0 
[Error  :SwiftXP.SPT.ShowMeTheMoney.Client (v2.7.0)] An unexpected error occured. Message: Object reference not set to an instance of an object. f.l.o.s.t.:   at SwiftXP.SPT.ShowMeTheMoney.Client.Patches.SimpleTooltipShowPatch.ShowWeaponModsPriceInformation (EFT.InventoryLogic.Weapon weapon, System.Text.StringBuilder& textToAppendToTooltip) [0x00149] in <f7e6e00ba91b46f4b457508df0c66d0c>:0 
[Error  :SwiftXP.SPT.ShowMeTheMoney.Client (v2.7.0)] An unexpected error occured. Message: Object reference not set to an instance of an object. f.l.o.s.t.:   at SwiftXP.SPT.ShowMeTheMoney.Client.Patches.SimpleTooltipShowPatch.ShowWeaponModsPriceInformation (EFT.InventoryLogic.Weapon weapon, System.Text.StringBuilder& textToAppendToTooltip) [0x00149] in <f7e6e00ba91b46f4b457508df0c66d0c>:0 
[Error  :SwiftXP.SPT.ShowMeTheMoney.Client (v2.7.0)] An unexpected error occured. Message: Object reference not set to an instance of an object. f.l.o.s.t.:   at SwiftXP.SPT.ShowMeTheMoney.Client.Patches.SimpleTooltipShowPatch.ShowWeaponModsPriceInformation (EFT.InventoryLogic.Weapon weapon, System.Text.StringBuilder& textToAppendToTooltip) [0x00149] in <f7e6e00ba91b46f4b457508df0c66d0c>:0 
[Error  :SwiftXP.SPT.ShowMeTheMoney.Client (v2.7.0)] An unexpected error occured. Message: Object reference not set to an instance of an object. f.l.o.s.t.:   at SwiftXP.SPT.ShowMeTheMoney.Client.Patches.SimpleTooltipShowPatch.ShowWeaponModsPriceInformation (EFT.InventoryLogic.Weapon weapon, System.Text.StringBuilder& textToAppendToTooltip) [0x00149] in <f7e6e00ba91b46f4b457508df0c66d0c>:0 
[Error  :SwiftXP.SPT.ShowMeTheMoney.Client (v2.7.0)] An unexpected error occured. Message: Object reference not set to an instance of an object. f.l.o.s.t.:   at SwiftXP.SPT.ShowMeTheMoney.Client.Patches.SimpleTooltipShowPatch.ShowWeaponModsPriceInformation (EFT.InventoryLogic.Weapon weapon, System.Text.StringBuilder& textToAppendToTooltip) [0x00149] in <f7e6e00ba91b46f4b457508df0c66d0c>:0 
[Error  :SwiftXP.SPT.ShowMeTheMoney.Client (v2.7.0)] An unexpected error occured. Message: Object reference not set to an instance of an object. f.l.o.s.t.:   at SwiftXP.SPT.ShowMeTheMoney.Client.Patches.SimpleTooltipShowPatch.ShowWeaponModsPriceInformation (EFT.InventoryLogic.Weapon weapon, System.Text.StringBuilder& textToAppendToTooltip) [0x00149] in <f7e6e00ba91b46f4b457508df0c66d0c>:0 
[Error  :SwiftXP.SPT.ShowMeTheMoney.Client (v2.7.0)] An unexpected error occured. Message: Object reference not set to an instance of an object. f.l.o.s.t.:   at SwiftXP.SPT.ShowMeTheMoney.Client.Patches.SimpleTooltipShowPatch.ShowWeaponModsPriceInformation (EFT.InventoryLogic.Weapon weapon, System.Text.StringBuilder& textToAppendToTooltip) [0x00149] in <f7e6e00ba91b46f4b457508df0c66d0c>:0 
[Error  :SwiftXP.SPT.ShowMeTheMoney.Client (v2.7.0)] An unexpected error occured. Message: Object reference not set to an instance of an object. f.l.o.s.t.:   at SwiftXP.SPT.ShowMeTheMoney.Client.Patches.SimpleTooltipShowPatch.ShowWeaponModsPriceInformation (EFT.InventoryLogic.Weapon weapon, System.Text.StringBuilder& textToAppendToTooltip) [0x00149] in <f7e6e00ba91b46f4b457508df0c66d0c>:0 
[Error  :SwiftXP.SPT.ShowMeTheMoney.Client (v2.7.0)] An unexpected error occured. Message: Object reference not set to an instance of an object. f.l.o.s.t.:   at SwiftXP.SPT.ShowMeTheMoney.Client.Patches.SimpleTooltipShowPatch.ShowWeaponModsPriceInformation (EFT.InventoryLogic.Weapon weapon, System.Text.StringBuilder& textToAppendToTooltip) [0x00149] in <f7e6e00ba91b46f4b457508df0c66d0c>:0 
[Error  :SwiftXP.SPT.ShowMeTheMoney.Client (v2.7.0)] An unexpected error occured. Message: Object reference not set to an instance of an object. f.l.o.s.t.:   at SwiftXP.SPT.ShowMeTheMoney.Client.Patches.SimpleTooltipShowPatch.ShowWeaponModsPriceInformation (EFT.InventoryLogic.Weapon weapon, System.Text.StringBuilder& textToAppendToTooltip) [0x00149] in <f7e6e00ba91b46f4b457508df0c66d0c>:0 
[Error  :SwiftXP.SPT.ShowMeTheMoney.Client (v2.7.0)] An unexpected error occured. Message: Object reference not set to an instance of an object. f.l.o.s.t.:   at SwiftXP.SPT.ShowMeTheMoney.Client.Patches.SimpleTooltipShowPatch.ShowWeaponModsPriceInformation (EFT.InventoryLogic.Weapon weapon, System.Text.StringBuilder& textToAppendToTooltip) [0x00149] in <f7e6e00ba91b46f4b457508df0c66d0c>:0 
[Error  :SwiftXP.SPT.ShowMeTheMoney.Client (v2.7.0)] An unexpected error occured. Message: Object reference not set to an instance of an object. f.l.o.s.t.:   at SwiftXP.SPT.ShowMeTheMoney.Client.Patches.SimpleTooltipShowPatch.ShowWeaponModsPriceInformation (EFT.InventoryLogic.Weapon weapon, System.Text.StringBuilder& textToAppendToTooltip) [0x00149] in <f7e6e00ba91b46f4b457508df0c66d0c>:0 
[Error  :SwiftXP.SPT.ShowMeTheMoney.Client (v2.7.0)] An unexpected error occured. Message: Object reference not set to an instance of an object. f.l.o.s.t.:   at SwiftXP.SPT.ShowMeTheMoney.Client.Patches.SimpleTooltipShowPatch.ShowWeaponModsPriceInformation (EFT.InventoryLogic.Weapon weapon, System.Text.StringBuilder& textToAppendToTooltip) [0x00149] in <f7e6e00ba91b46f4b457508df0c66d0c>:0 
[Error  :SwiftXP.SPT.ShowMeTheMoney.Client (v2.7.0)] An unexpected error occured. Message: Object reference not set to an instance of an object. f.l.o.s.t.:   at SwiftXP.SPT.ShowMeTheMoney.Client.Patches.SimpleTooltipShowPatch.ShowWeaponModsPriceInformation (EFT.InventoryLogic.Weapon weapon, System.Text.StringBuilder& textToAppendToTooltip) [0x00149] in <f7e6e00ba91b46f4b457508df0c66d0c>:0 
[Error  :SwiftXP.SPT.ShowMeTheMoney.Client (v2.7.0)] An unexpected error occured. Message: Object reference not set to an instance of an object. f.l.o.s.t.:   at SwiftXP.SPT.ShowMeTheMoney.Client.Patches.SimpleTooltipShowPatch.ShowWeaponModsPriceInformation (EFT.InventoryLogic.Weapon weapon, System.Text.StringBuilder& textToAppendToTooltip) [0x00149] in <f7e6e00ba91b46f4b457508df0c66d0c>:0 
[Error  :SwiftXP.SPT.ShowMeTheMoney.Client (v2.7.0)] An unexpected error occured. Message: Object reference not set to an instance of an object. f.l.o.s.t.:   at SwiftXP.SPT.ShowMeTheMoney.Client.Patches.SimpleTooltipShowPatch.ShowWeaponModsPriceInformation (EFT.InventoryLogic.Weapon weapon, System.Text.StringBuilder& textToAppendToTooltip) [0x00149] in <f7e6e00ba91b46f4b457508df0c66d0c>:0 
[Error  :SwiftXP.SPT.ShowMeTheMoney.Client (v2.7.0)] An unexpected error occured. Message: Object reference not set to an instance of an object. f.l.o.s.t.:   at SwiftXP.SPT.ShowMeTheMoney.Client.Patches.SimpleTooltipShowPatch.ShowWeaponModsPriceInformation (EFT.InventoryLogic.Weapon weapon, System.Text.StringBuilder& textToAppendToTooltip) [0x00149] in <f7e6e00ba91b46f4b457508df0c66d0c>:0 
[Error  :SwiftXP.SPT.ShowMeTheMoney.Client (v2.7.0)] An unexpected error occured. Message: Object reference not set to an instance of an object. f.l.o.s.t.:   at SwiftXP.SPT.ShowMeTheMoney.Client.Patches.SimpleTooltipShowPatch.ShowWeaponModsPriceInformation (EFT.InventoryLogic.Weapon weapon, System.Text.StringBuilder& textToAppendToTooltip) [0x00149] in <f7e6e00ba91b46f4b457508df0c66d0c>:0 
[Error  :SwiftXP.SPT.ShowMeTheMoney.Client (v2.7.0)] An unexpected error occured. Message: Object reference not set to an instance of an object. f.l.o.s.t.:   at SwiftXP.SPT.ShowMeTheMoney.Client.Patches.SimpleTooltipShowPatch.ShowWeaponModsPriceInformation (EFT.InventoryLogic.Weapon weapon, System.Text.StringBuilder& textToAppendToTooltip) [0x00149] in <f7e6e00ba91b46f4b457508df0c66d0c>:0 
[Error  :SwiftXP.SPT.ShowMeTheMoney.Client (v2.7.0)] An unexpected error occured. Message: Object reference not set to an instance of an object. f.l.o.s.t.:   at SwiftXP.SPT.ShowMeTheMoney.Client.Patches.SimpleTooltipShowPatch.ShowWeaponModsPriceInformation (EFT.InventoryLogic.Weapon weapon, System.Text.StringBuilder& textToAppendToTooltip) [0x00149] in <f7e6e00ba91b46f4b457508df0c66d0c>:0 
[Error  :SwiftXP.SPT.ShowMeTheMoney.Client (v2.7.0)] An unexpected error occured. Message: Object reference not set to an instance of an object. f.l.o.s.t.:   at SwiftXP.SPT.ShowMeTheMoney.Client.Patches.SimpleTooltipShowPatch.ShowWeaponModsPriceInformation (EFT.InventoryLogic.Weapon weapon, System.Text.StringBuilder& textToAppendToTooltip) [0x00149] in <f7e6e00ba91b46f4b457508df0c66d0c>:0 
[Error  :SwiftXP.SPT.ShowMeTheMoney.Client (v2.7.0)] An unexpected error occured. Message: Object reference not set to an instance of an object. f.l.o.s.t.:   at SwiftXP.SPT.ShowMeTheMoney.Client.Patches.SimpleTooltipShowPatch.ShowWeaponModsPriceInformation (EFT.InventoryLogic.Weapon weapon, System.Text.StringBuilder& textToAppendToTooltip) [0x00149] in <f7e6e00ba91b46f4b457508df0c66d0c>:0 
[Error  :SwiftXP.SPT.ShowMeTheMoney.Client (v2.7.0)] An unexpected error occured. Message: Object reference not set to an instance of an object. f.l.o.s.t.:   at SwiftXP.SPT.ShowMeTheMoney.Client.Patches.SimpleTooltipShowPatch.ShowWeaponModsPriceInformation (EFT.InventoryLogic.Weapon weapon, System.Text.StringBuilder& textToAppendToTooltip) [0x00149] in <f7e6e00ba91b46f4b457508df0c66d0c>:0 
[Error  :SwiftXP.SPT.ShowMeTheMoney.Client (v2.7.0)] An unexpected error occured. Message: Object reference not set to an instance of an object. f.l.o.s.t.:   at SwiftXP.SPT.ShowMeTheMoney.Client.Patches.SimpleTooltipShowPatch.ShowWeaponModsPriceInformation (EFT.InventoryLogic.Weapon weapon, System.Text.StringBuilder& textToAppendToTooltip) [0x00149] in <f7e6e00ba91b46f4b457508df0c66d0c>:0 
[Info   :RequestHandler] [REQUEST]: /vagabond/sync/state
[Info   :RequestHandler] [REQUEST SUCCESSFUL] /vagabond/sync/state
[Info   :RequestHandler] [REQUEST]: /client/ragfair/offerfees
[Info   :RequestHandler] [REQUEST SUCCESSFUL] /client/ragfair/offerfees
[Error  :SwiftXP.SPT.ShowMeTheMoney.Client (v2.7.0)] An unexpected error occured. Message: Object reference not set to an instance of an object. f.l.o.s.t.:   at SwiftXP.SPT.ShowMeTheMoney.Client.Patches.SimpleTooltipShowPatch.ShowWeaponModsPriceInformation (EFT.InventoryLogic.Weapon weapon, System.Text.StringBuilder& textToAppendToTooltip) [0x00149] in <f7e6e00ba91b46f4b457508df0c66d0c>:0 
[Error  :SwiftXP.SPT.ShowMeTheMoney.Client (v2.7.0)] An unexpected error occured. Message: Object reference not set to an instance of an object. f.l.o.s.t.:   at SwiftXP.SPT.ShowMeTheMoney.Client.Patches.SimpleTooltipShowPatch.ShowWeaponModsPriceInformation (EFT.InventoryLogic.Weapon weapon, System.Text.StringBuilder& textToAppendToTooltip) [0x00149] in <f7e6e00ba91b46f4b457508df0c66d0c>:0 
[Error  :SwiftXP.SPT.ShowMeTheMoney.Client (v2.7.0)] An unexpected error occured. Message: Object reference not set to an instance of an object. f.l.o.s.t.:   at SwiftXP.SPT.ShowMeTheMoney.Client.Patches.SimpleTooltipShowPatch.ShowWeaponModsPriceInformation (EFT.InventoryLogic.Weapon weapon, System.Text.StringBuilder& textToAppendToTooltip) [0x00149] in <f7e6e00ba91b46f4b457508df0c66d0c>:0 
[Info   :RequestHandler] [REQUEST]: /client/ragfair/offerfees
[Info   :RequestHandler] [REQUEST SUCCESSFUL] /client/ragfair/offerfees
[Info   :RequestHandler] [REQUEST]: /client/ragfair/offerfees
[Info   :RequestHandler] [REQUEST SUCCESSFUL] /client/ragfair/offerfees
[Info   :RequestHandler] [REQUEST]: /client/ragfair/offerfees
[Info   :RequestHandler] [REQUEST SUCCESSFUL] /client/ragfair/offerfees
[Info   :RequestHandler] [REQUEST]: /client/ragfair/offerfees
[Info   :RequestHandler] [REQUEST SUCCESSFUL] /client/ragfair/offerfees
[Info   :RequestHandler] [REQUEST]: /client/ragfair/offerfees
[Info   :RequestHandler] [REQUEST SUCCESSFUL] /client/ragfair/offerfees
[Info   :RequestHandler] [REQUEST]: /client/ragfair/offerfees
[Info   :RequestHandler] [REQUEST SUCCESSFUL] /client/ragfair/offerfees
[Info   :RequestHandler] [REQUEST]: /client/ragfair/offerfees
[Info   :RequestHandler] [REQUEST SUCCESSFUL] /client/ragfair/offerfees
[Info   :RequestHandler] [REQUEST]: /client/ragfair/offerfees
[Info   :RequestHandler] [REQUEST SUCCESSFUL] /client/ragfair/offerfees
[Info   :RequestHandler] [REQUEST]: /client/ragfair/offerfees
[Info   :RequestHandler] [REQUEST SUCCESSFUL] /client/ragfair/offerfees
[Info   :RequestHandler] [REQUEST]: /client/ragfair/offerfees
[Info   :RequestHandler] [REQUEST SUCCESSFUL] /client/ragfair/offerfees
[Info   :RequestHandler] [REQUEST]: /client/ragfair/offerfees
[Info   :RequestHandler] [REQUEST SUCCESSFUL] /client/ragfair/offerfees
[Info   :RequestHandler] [REQUEST]: /client/ragfair/offerfees
[Info   :RequestHandler] [REQUEST SUCCESSFUL] /client/ragfair/offerfees
[Info   :RequestHandler] [REQUEST]: /client/ragfair/offerfees
[Info   :RequestHandler] [REQUEST SUCCESSFUL] /client/ragfair/offerfees
[Info   :RequestHandler] [REQUEST]: /client/ragfair/offerfees
[Info   :RequestHandler] [REQUEST SUCCESSFUL] /client/ragfair/offerfees
[Info   :RequestHandler] [REQUEST]: /client/ragfair/offerfees
[Info   :RequestHandler] [REQUEST SUCCESSFUL] /client/ragfair/offerfees
[Error  :SwiftXP.SPT.ShowMeTheMoney.Client (v2.7.0)] An unexpected error occured. Message: Object reference not set to an instance of an object. f.l.o.s.t.:   at SwiftXP.SPT.ShowMeTheMoney.Client.Patches.SimpleTooltipShowPatch.ShowWeaponModsPriceInformation (EFT.InventoryLogic.Weapon weapon, System.Text.StringBuilder& textToAppendToTooltip) [0x00149] in <f7e6e00ba91b46f4b457508df0c66d0c>:0 
[Info   :RequestHandler] [REQUEST]: /client/ragfair/offerfees
[Info   :RequestHandler] [REQUEST SUCCESSFUL] /client/ragfair/offerfees
[Info   :RequestHandler] [REQUEST]: /client/ragfair/offerfees
[Info   :RequestHandler] [REQUEST SUCCESSFUL] /client/ragfair/offerfees
[Info   :RequestHandler] [REQUEST]: /client/ragfair/offerfees
[Info   :RequestHandler] [REQUEST SUCCESSFUL] /client/ragfair/offerfees
[Info   :RequestHandler] [REQUEST]: /client/ragfair/offerfees
[Info   :RequestHandler] [REQUEST SUCCESSFUL] /client/ragfair/offerfees
[Info   :RequestHandler] [REQUEST]: /client/ragfair/offerfees
[Info   :RequestHandler] [REQUEST SUCCESSFUL] /client/ragfair/offerfees
[Info   :RequestHandler] [REQUEST]: /client/ragfair/offerfees
[Info   :RequestHandler] [REQUEST SUCCESSFUL] /client/ragfair/offerfees
[Info   :RequestHandler] [REQUEST]: /client/ragfair/offerfees
[Info   :RequestHandler] [REQUEST SUCCESSFUL] /client/ragfair/offerfees
[Info   :RequestHandler] [REQUEST]: /client/ragfair/offerfees
[Info   :RequestHandler] [REQUEST SUCCESSFUL] /client/ragfair/offerfees
[Info   :RequestHandler] [REQUEST]: /client/ragfair/offerfees
[Info   :RequestHandler] [REQUEST SUCCESSFUL] /client/ragfair/offerfees
[Info   :RequestHandler] [REQUEST]: /client/ragfair/offerfees
[Info   :RequestHandler] [REQUEST SUCCESSFUL] /client/ragfair/offerfees
[Info   :RequestHandler] [REQUEST]: /vagabond/sync/state
[Info   :RequestHandler] [REQUEST SUCCESSFUL] /vagabond/sync/state
[Info   :RequestHandler] [REQUEST]: /singleplayer/settings/raid/menu
[Info   :RequestHandler] [REQUEST SUCCESSFUL] /singleplayer/settings/raid/menu
[Info   :NetManagerUtils] FikaServer has created!
[Info   :Fika.Server] Starting server with SendRate: 20
[Info   :NetManagerUtils] Creating CoopHandler...
[Info   :Fika.Server] Started Fika Server
[Info   :RequestHandler] [REQUEST]: /singleplayer/settings/getRaidTime
[Info   :RequestHandler] [REQUEST SUCCESSFUL] /singleplayer/settings/getRaidTime
[Info   :  Blackout] [BlackoutFika] raid started, this client is HOST, headless host: False
[Info   :  Blackout] [BlackoutFika] packets registered as HOST - this raid IS synced
[Info   :  CoopGame] Creating CoopHandler
[Info   :  CoopGame] Initializing Exfils: Id Sandbox, Exits: 7, SecretExits: 1
[Info   :  Vagabond] [Vagabond] RefreshVagabondStateBlocking
[Info   :RequestHandler] [REQUEST]: /vagabond/sync/state
[Info   :RequestHandler] [REQUEST SUCCESSFUL] /vagabond/sync/state
[Info   :  Vagabond] [Vagabond] RefreshExfilStateBlocking
[Info   :RequestHandler] [REQUEST]: /vagabond/sync/exfils
[Info   :RequestHandler] [REQUEST SUCCESSFUL] /vagabond/sync/exfils
[Info   :  Vagabond] [Vagabond] Configured extract clone 'VGB_EXT_THERAPIST' (player entry='<null>', enabled=True, activeInHierarchy=True, isActiveAndEnabled=True) with EligibleEntryPoints=[east, west]
[Info   :  Vagabond] [Vagabond] Added custom extract 'Therapist's Clinic' (identifier 'VGB_EXT_THERAPIST') using template 'Unity_free_exit'.
[Info   :  Vagabond] [Vagabond] Configured extract clone 'VGB_EXT_V-Ex_GZ' (player entry='<null>', enabled=True, activeInHierarchy=True, isActiveAndEnabled=True) with EligibleEntryPoints=[east, west]
[Info   :  Vagabond] [Vagabond] Added custom extract 'Vehicle Extract' (identifier 'VGB_EXT_V-Ex_GZ') using template 'Unity_free_exit'.
[Info   :  Vagabond] [Vagabond] Transit controller is null on GroundZero; cannot place custom transit points, retrying...
[Info   :  CoopGame] Location: Sandbox
[Info   : Fika.Core] [Create]: Using strict inventory sync
[Info   :HandsAreNotBusy] Added HANB Component to player: Snomies
[Info   :Continuous Load Ammo] Added LoadAmmoComponent to player: Snomies
[Info   :Task Item Indicator] Task Item Indicator: found 9 PlaceItemTrigger zone(s) - zone_nakatoimi, quest_terminal_camera_3, Mark_transits_sandbox, zone_computer, quest_terminal_camera_1, nt2024_5_throtil_epicentr, quest_terminal_camera_4, quest_terminal_camera_2, zone_six_chair. Wanted zone(s): . Wanted item(s): 5937ee6486f77408994ba448, 593965cf86f774087a77e1b6, 5d3ec50586f774183a607442, 5910922b86f7747d96753483
[Info   :  Vagabond] [Vagabond] Added custom transit 'GroundZero' (identifier 'VGB_GZ_IC') to 'Interchange'.
[Info   :NetManagerUtils] Setting up game variables...
[Info   :  CoopGame] Adding debug component...
[Info   :  CoopGame] Local player created
[Info   :HostGameController] Starting task to wait for host to start the raid.
[Info   :RequestHandler] [REQUEST]: /vagabond/sync/exfils
[Info   :RequestHandler] [REQUEST SUCCESSFUL] /vagabond/sync/exfils
[Info   :RequestHandler] [REQUEST]: /vagabond/sync/exfils
[Info   :RequestHandler] [REQUEST SUCCESSFUL] /vagabond/sync/exfils
[Info   :RequestHandler] [REQUEST]: /vagabond/sync/exfils
[Info   :RequestHandler] [REQUEST SUCCESSFUL] /vagabond/sync/exfils
[Info   :RequestHandler] [REQUEST]: /vagabond/sync/exfils
[Info   :RequestHandler] [REQUEST SUCCESSFUL] /vagabond/sync/exfils
[Info   :RequestHandler] [REQUEST]: /vagabond/sync/exfils
[Info   :RequestHandler] [REQUEST SUCCESSFUL] /vagabond/sync/exfils
[Info   :RequestHandler] [REQUEST]: /vagabond/sync/exfils
[Info   :RequestHandler] [REQUEST SUCCESSFUL] /vagabond/sync/exfils
[Info   :RequestHandler] [REQUEST]: /vagabond/sync/exfils
[Info   :RequestHandler] [REQUEST SUCCESSFUL] /vagabond/sync/exfils
[Info   :HostGameController] Raid has been started...
[Info   :RequestHandler] [REQUEST]: /vagabond/sync/exfils
[Info   :RequestHandler] [REQUEST SUCCESSFUL] /vagabond/sync/exfils
[Info   :HostGameController] Generating and initializing weather...
[Info   :HostGameController] Setting Season to: Summer
[Info   :RequestHandler] [REQUEST]: /singleplayer/settings/bot/maxCap/Sandbox
[Info   :RequestHandler] [REQUEST SUCCESSFUL] /singleplayer/settings/bot/maxCap/Sandbox
[Info   :ModulePatch] Set max bot cap for: Sandbox from: 36 to: 16
[Info   :acidphantasm-botplacementsystem] [ABPS] Setting max bots to 16 on sandbox
[Info   :MoreBotsAPI] BotsController initialized, initializing Managers...
[Info   :RequestHandler] [REQUEST]: /morebotsapi/getfactions
[Info   :RequestHandler] [REQUEST SUCCESSFUL] /morebotsapi/getfactions
[Info   :MoreBotsAPI] [MOREBOTSAPI] Loading factions from server...
[Info   :RequestHandler] [REQUEST]: /morebotsapi/getrevenges
[Info   :RequestHandler] [REQUEST SUCCESSFUL] /morebotsapi/getrevenges
[Info   :MoreBotsAPI] [MOREBOTSAPI] Loading faction raid revenges from server...
[Info   :HostGameController] All players are loaded, continuing...
[Info   :HostGameController] Running old spawn system. Waves: 5
[Info   :RequestHandler] [REQUEST]: /vagabond/sync/exfils
[Info   :RequestHandler] [REQUEST SUCCESSFUL] /vagabond/sync/exfils
[Info   :HostGameController] Running new spawn system.
[Info   :HostGameController] MatchingType: Host, Raid Code: UYJGE2
[Info   :RequestHandler] [REQUEST]: /vagabond/sync/exfils
[Info   :RequestHandler] [REQUEST SUCCESSFUL] /vagabond/sync/exfils
[Info   :RequestHandler] [REQUEST]: /vagabond/sync/exfils
[Info   :RequestHandler] [REQUEST SUCCESSFUL] /vagabond/sync/exfils
[Info   :RequestHandler] [REQUEST]: /vagabond/sync/exfils
[Info   :RequestHandler] [REQUEST SUCCESSFUL] /vagabond/sync/exfils
[Info   :RequestHandler] [REQUEST]: /vagabond/sync/exfils
[Info   :RequestHandler] [REQUEST SUCCESSFUL] /vagabond/sync/exfils
[Info   :DynamicMaps] Trying to attach peek component to BattleUI
[Info   :HostGameController] [SERVER] SpawnPoint: VGB_FORCED_SPAWN_Sandbox_46cb5fbc-3d56-45a1-a6ab-18b22b51cf15, InfiltrationPoint: east
[Info   :ZoneDebugComponent] ZoneDebugComponent enabled
[Info   :Female PMC Voice] [Breath] Raid started; spawn-settle window begins.
[Info   :RequestHandler] [REQUEST]: /wttcommonlib/zones/get
[Info   :RequestHandler] [REQUEST SUCCESSFUL] /wttcommonlib/zones/get
[Info   :Player Lives] Raid started, setting lives to 3
[Info   :tarkin.ladders.bep] Successfully loaded ladders scene Sandbox_Ladders
[Info   :RequestHandler] [REQUEST]: /vagabond/sync/exfils
[Info   :RequestHandler] [REQUEST]: /singleplayer/settings/bot/getBotBehaviours/
[Info   :RequestHandler] [REQUEST SUCCESSFUL] /singleplayer/settings/bot/getBotBehaviours/
[Info   :ModulePatch] Cached ai brain weights in client
[Warning:ModulePatch] Updated spt bot AlfaRenegade: pmcUSEC to use: pmcUSEC brain
[Warning:ModulePatch] Updated spt bot Valens: pmcBEAR to use: pmcBEAR brain
[Warning:ModulePatch] Updated spt bot Grasyl: pmcUSEC to use: pmcUSEC brain
[Info   :ModulePatch] Updated assault bot Глеб Мочалка to use: assault brain
[Info   :ModulePatch] Updated assault bot Паша Бесовской to use: assault brain
[Warning:ModulePatch] Updated spt bot Juniper: pmcUSEC to use: pmcUSEC brain
[Warning:ModulePatch] Updated spt bot Gyozone: pmcUSEC to use: pmcUSEC brain
[Warning:ModulePatch] Updated spt bot Cougarinou: pmcBEAR to use: pmcBEAR brain
[Warning:ModulePatch] Updated spt bot JankyTheClown: pmcBEAR to use: pmcBEAR brain
[Warning:ModulePatch] Updated spt bot lazheng: pmcBEAR to use: pmcBEAR brain
[Info   :DynamicMaps] MapScreen: Loading map Ground Zero (TarkovDev)
[Info   :RequestHandler] [REQUEST SUCCESSFUL] /vagabond/sync/exfils
[Info   :Task Item Indicator] ActionPanel sprites - Hover: cursor_hand, Unavailable: cursor_hand_error, Sense: cursor_point
[Info   :RequestHandler] [REQUEST]: /vagabond/sync/exfils
[Info   :RequestHandler] [REQUEST SUCCESSFUL] /vagabond/sync/exfils
[Info   :RequestHandler] [REQUEST]: /vagabond/sync/exfils
[Info   :RequestHandler] [REQUEST SUCCESSFUL] /vagabond/sync/exfils
[Info   :RequestHandler] [REQUEST]: /vagabond/sync/exfils
[Info   :RequestHandler] [REQUEST SUCCESSFUL] /vagabond/sync/exfils
[Info   :RequestHandler] [REQUEST]: /vagabond/sync/exfils
[Info   :RequestHandler] [REQUEST SUCCESSFUL] /vagabond/sync/exfils
[Info   :RequestHandler] [REQUEST]: /vagabond/sync/exfils
[Info   :RequestHandler] [REQUEST SUCCESSFUL] /vagabond/sync/exfils
[Info   :RequestHandler] [REQUEST]: /vagabond/sync/exfils
[Info   :RequestHandler] [REQUEST SUCCESSFUL] /vagabond/sync/exfils
[Info   :RequestHandler] [REQUEST]: /vagabond/sync/exfils
[Info   :RequestHandler] [REQUEST SUCCESSFUL] /vagabond/sync/exfils
[Info   :RequestHandler] [REQUEST]: /vagabond/sync/exfils
[Info   :RequestHandler] [REQUEST SUCCESSFUL] /vagabond/sync/exfils
[Info   :SmoothTalker] [SmoothTalker] Scav kill: Паша Бесовской - playing ScavDown
[Info   :ModulePatch] Updated assault bot Джек Нежный to use: assault brain
[Info   :RequestHandler] [REQUEST]: /vagabond/sync/exfils
[Info   :RequestHandler] [REQUEST SUCCESSFUL] /vagabond/sync/exfils
[Info   :RequestHandler] [REQUEST]: /vagabond/sync/exfils
[Info   :RequestHandler] [REQUEST SUCCESSFUL] /vagabond/sync/exfils
[Info   :RequestHandler] [REQUEST]: /vagabond/sync/exfils
[Info   :RequestHandler] [REQUEST SUCCESSFUL] /vagabond/sync/exfils
[Info   :RequestHandler] [REQUEST]: /vagabond/sync/exfils
[Info   :RequestHandler] [REQUEST SUCCESSFUL] /vagabond/sync/exfils
[Info   :RequestHandler] [REQUEST]: /vagabond/sync/exfils
[Info   :RequestHandler] [REQUEST SUCCESSFUL] /vagabond/sync/exfils
[Info   :RequestHandler] [REQUEST]: /vagabond/sync/exfils
[Info   :RequestHandler] [REQUEST SUCCESSFUL] /vagabond/sync/exfils
[Info   :RequestHandler] [REQUEST]: /vagabond/sync/exfils
[Info   :RequestHandler] [REQUEST SUCCESSFUL] /vagabond/sync/exfils
[Info   :RequestHandler] [REQUEST]: /vagabond/sync/exfils
[Info   :RequestHandler] [REQUEST SUCCESSFUL] /vagabond/sync/exfils
[Info   :RequestHandler] [REQUEST]: /vagabond/sync/exfils
[Info   :RequestHandler] [REQUEST SUCCESSFUL] /vagabond/sync/exfils
[Info   :RequestHandler] [REQUEST]: /vagabond/sync/exfils
[Info   :RequestHandler] [REQUEST SUCCESSFUL] /vagabond/sync/exfils
[Info   :RequestHandler] [REQUEST]: /vagabond/sync/exfils
[Info   :RequestHandler] [REQUEST SUCCESSFUL] /vagabond/sync/exfils
[Info   :RequestHandler] [REQUEST]: /vagabond/sync/exfils
[Info   :RequestHandler] [REQUEST SUCCESSFUL] /vagabond/sync/exfils
[Info   :RequestHandler] [REQUEST]: /vagabond/sync/exfils
[Info   :RequestHandler] [REQUEST SUCCESSFUL] /vagabond/sync/exfils
[Info   :RequestHandler] [REQUEST]: /vagabond/sync/exfils
[Info   :RequestHandler] [REQUEST SUCCESSFUL] /vagabond/sync/exfils
[Info   :RequestHandler] [REQUEST]: /vagabond/sync/exfils
[Info   :RequestHandler] [REQUEST SUCCESSFUL] /vagabond/sync/exfils
[Info   :RequestHandler] [REQUEST]: /vagabond/sync/exfils
[Info   :RequestHandler] [REQUEST SUCCESSFUL] /vagabond/sync/exfils
[Info   :RequestHandler] [REQUEST]: /vagabond/sync/exfils
[Info   :RequestHandler] [REQUEST SUCCESSFUL] /vagabond/sync/exfils
[Info   :RequestHandler] [REQUEST]: /vagabond/sync/exfils
[Info   :RequestHandler] [REQUEST SUCCESSFUL] /vagabond/sync/exfils
[Info   :RequestHandler] [REQUEST]: /vagabond/sync/exfils
[Info   :RequestHandler] [REQUEST SUCCESSFUL] /vagabond/sync/exfils
[Info   :RequestHandler] [REQUEST]: /vagabond/sync/exfils
[Info   :RequestHandler] [REQUEST SUCCESSFUL] /vagabond/sync/exfils
[Info   :RequestHandler] [REQUEST]: /vagabond/sync/exfils
[Info   :RequestHandler] [REQUEST SUCCESSFUL] /vagabond/sync/exfils
[Info   :RequestHandler] [REQUEST]: /vagabond/sync/exfils
[Info   :RequestHandler] [REQUEST SUCCESSFUL] /vagabond/sync/exfils
[Info   :RequestHandler] [REQUEST]: /vagabond/sync/exfils
[Info   :RequestHandler] [REQUEST SUCCESSFUL] /vagabond/sync/exfils
[Info   :SmoothTalker] [SmoothTalker] Scav kill: Глеб Мочалка - playing ScavDown
[Info   :ModulePatch] Updated assault bot Джек Пышный to use: assault brain
[Info   :RequestHandler] [REQUEST]: /vagabond/sync/exfils
[Info   :RequestHandler] [REQUEST SUCCESSFUL] /vagabond/sync/exfils
[Info   :RequestHandler] [REQUEST]: /vagabond/sync/exfils
[Info   :RequestHandler] [REQUEST SUCCESSFUL] /vagabond/sync/exfils
[Info   :RequestHandler] [REQUEST]: /vagabond/sync/exfils
[Info   :RequestHandler] [REQUEST SUCCESSFUL] /vagabond/sync/exfils
[Info   :RequestHandler] [REQUEST]: /vagabond/sync/exfils
[Info   :RequestHandler] [REQUEST SUCCESSFUL] /vagabond/sync/exfils
[Info   :RequestHandler] [REQUEST]: /vagabond/sync/exfils
[Info   :RequestHandler] [REQUEST SUCCESSFUL] /vagabond/sync/exfils
[Info   :RequestHandler] [REQUEST]: /vagabond/sync/exfils
[Info   :RequestHandler] [REQUEST SUCCESSFUL] /vagabond/sync/exfils
[Info   :RequestHandler] [REQUEST]: /vagabond/sync/exfils
[Info   :RequestHandler] [REQUEST SUCCESSFUL] /vagabond/sync/exfils
[Info   :RequestHandler] [REQUEST]: /vagabond/sync/exfils
[Info   :RequestHandler] [REQUEST SUCCESSFUL] /vagabond/sync/exfils
[Info   :RequestHandler] [REQUEST]: /vagabond/sync/exfils
[Info   :RequestHandler] [REQUEST SUCCESSFUL] /vagabond/sync/exfils
[Info   :RequestHandler] [REQUEST]: /vagabond/sync/exfils
[Info   :RequestHandler] [REQUEST SUCCESSFUL] /vagabond/sync/exfils
[Info   :RequestHandler] [REQUEST]: /vagabond/sync/exfils
[Info   :RequestHandler] [REQUEST SUCCESSFUL] /vagabond/sync/exfils
[Info   :Player Lives] Player 6a6e41072bba690027aa83c3 did not have Adrenaline stim and has died
[Info   :Player Lives] Player 6a6e41072bba690027aa83c3 did not have Adrenaline stim and has died
[Info   :RequestHandler] [REQUEST]: /stattrack/save
[Info   :RequestHandler] [REQUEST SUCCESSFUL] /stattrack/save
[Info   :RequestHandler] [REQUEST]: /vagabond/sync/exfils
[Info   :RequestHandler] [REQUEST SUCCESSFUL] /vagabond/sync/exfils
[Info   :RequestHandler] [REQUEST]: /vagabond/sync/exfils
[Info   :RequestHandler] [REQUEST SUCCESSFUL] /vagabond/sync/exfils
